Workbook

Sheet Leaderboard
A1: 🔥 LATEST RESULTS | D1: Date | E1: ='42126'!B1 -> #REF! | H1: Update Live Results | I1: FALSE
A2: =IF(AND(MAX(B5:B8)=0,COUNTIF(C5:C8,"<>0/5")=0),"",IF(COUNTIF(C5:C8,"5/5")=4,"Winner","Leader")) -> #REF! | C2: {=IF(AND(MAX(B5:B8)=0,COUNTIF(C5:C8,"<>0/5")=0),"",INDEX(A5:A8,MATCH(MAX(B5:B8),B5:B8,0)))} -> #REF! | H2: Last Refresh | I2: 46133.255
H3: Status | I3: Skipped refresh — latest tab already final: 42026
A4: Player | B4: Score | C4: Completed Games | D4: In Progress
A5: Andy | B5: ='42126'!I11 -> #REF! | C5: ='42126'!L2 -> #REF! | D5: ='41426'!M2 -> 0/5
A6: Josh | B6: ='42126'!I38 -> #REF! | C6: ='42126'!L3 -> #REF! | D6: ='41426'!M3 -> 0/5
A7: Jon | B7: ='42126'!I20 -> #REF! | C7: ='42126'!L4 -> #REF! | D7: ='41426'!M4 -> 0/5
A8: Mark | B8: ='42126'!I29 -> #REF! | C8: ='42126'!L5 -> #REF! | D8: ='41426'!M5 -> 0/5 | H8: =IFERROR(__xludf.DUMMYFUNCTION("MAX(FILTER(ROW('2026 Standings'!B:B),ROW('2026 Standings'!B:B)<MATCH(""Finishing Position"",'2026 Standings'!A:A,0),'2026 Standings'!B:B<>""""))"),13.0) -> 13
A10: Season Standings
A11: Name | B11: Wins | C11: Runner-ups | D11: Avg Finish
A12: {=SORT('2026 Standings'!A2:D5,'2026 Standings'!B2:B5,FALSE,'2026 Standings'!D2:D5,TRUE,'2026 Standings'!A2:A5,TRUE)} -> Josh | B12: 2 | C12: 2 | D12: 1.8
A13: Mark | B13: 2 | C13: 2 | D13: 1.8
A14: Jon | B14: 1 | C14: 0 | D14: 3
A15: Andy | B15: 0 | C15: 1 | D15: 3
A17: Season Leader
A18: Name | B18: Wins
A19: =INDEX(A12:A15,1) -> Josh | B19: =INDEX(B12:B15,1) -> 2

Sheet 2026 Standings
A1: Name | B1: Wins | C1: Runner-ups | D1: Avg Finish | E1: Avg Score | F1: High Score | G1: Low Score | H1: Refresh Standings | I1: FALSE
A2: Andy | B2: =COUNTIF(B18:B22,1) -> 0 | C2: =COUNTIF(B18:B22,2) -> 1 | D2: =IFERROR(AVERAGE(B18:B22),"") -> 3 | E2: =IFERROR(AVERAGE(B9:B13),"") -> 161.96 | F2: =IFERROR(MAX(B9:B13),"") -> 182.2 | G2: =IFERROR(MIN(B9:B13),"") -> 129.4 | H2: Last Refresh | I2: 46133.255
A3: Josh | B3: =COUNTIF(C18:C22,1) -> 2 | C3: =COUNTIF(C18:C22,2) -> 2 | D3: =IFERROR(AVERAGE(C18:C22),"") -> 1.8 | E3: =IFERROR(AVERAGE(C9:C13),"") -> 170.46 | F3: =IFERROR(MAX(C9:C13),"") -> 189.2 | G3: =IFERROR(MIN(C9:C13),"") -> 152.9 | H3: Status | I3: Standings refreshed
A4: Jon | B4: =COUNTIF(D18:D22,1) -> 1 | C4: =COUNTIF(D18:D22,2) -> 0 | D4: =IFERROR(AVERAGE(D18:D22),"") -> 3 | E4: =IFERROR(AVERAGE(D9:D13),"") -> 141.83333 | F4: =IFERROR(MAX(D9:D13),"") -> 200.5 | G4: =IFERROR(MIN(D9:D13),"") -> 84.5
A5: Mark | B5: =COUNTIF(E18:E22,1) -> 2 | C5: =COUNTIF(E18:E22,2) -> 2 | D5: =IFERROR(AVERAGE(E18:E22),"") -> 1.8 | E5: =IFERROR(AVERAGE(E9:E13),"") -> 185.7 | F5: =IFERROR(MAX(E9:E13),"") -> 217.9 | G5: =IFERROR(MIN(E9:E13),"") -> 138.2
A7: Scores
A8: Date | B8: Andy | C8: Josh | D8: Jon | E8: Mark
A9: 4/14/26 - 4/15/26 | B9: =IF(COUNTIF('41426'!L2:L5,"<>0/5")=0,"",IF(COUNTA('41426'!B6:B10)=0,"",'41426'!I11)) -> 182.2 | C9: =IF(COUNTIF('41426'!L2:L5,"<>0/5")=0,"",IF(COUNTA('41426'!B33:B37)=0,"",'41426'!I38)) -> 152.9 | D9: =IF(COUNTIF('41426'!L2:L5,"<>0/5")=0,"",IF(COUNTA('41426'!B15:B19)=0,"",'41426'!I20)) -> 140.5 | E9: =IF(COUNTIF('41426'!L2:L5,"<>0/5")=0,"",IF(COUNTA('41426'!B24:B28)=0,"",'41426'!I29)) -> 217.9
A10: 46129 | B10: =IF(COUNTIF('41726'!L2:L5,"<>0/5")=0,"",IF(COUNTA('41726'!B6:B10)=0,"",'41726'!I11)) -> 129.4 | C10: =IF(COUNTIF('41726'!L2:L5,"<>0/5")=0,"",IF(COUNTA('41726'!B33:B37)=0,"",'41726'!I38)) -> 153.3 | D10: =IF(COUNTIF('41726'!L2:L5,"<>0/5")=0,"",IF(COUNTA('41726'!B15:B19)=0,"",'41726'!I20)) -> 84.5 | E10: =IF(COUNTIF('41726'!L2:L5,"<>0/5")=0,"",IF(COUNTA('41726'!B24:B28)=0,"",'41726'!I29)) -> 138.2
A11: 46130 | B11: =IF(COUNTIF('41826'!L2:L5,"<>0/5")=0,"",IF(COUNTA('41826'!B6:B10)=0,"",'41826'!I11)) -> 166.9 | C11: =IF(COUNTIF('41826'!L2:L5,"<>0/5")=0,"",IF(COUNTA('41826'!B33:B37)=0,"",'41826'!I38)) -> 182.6 | D11: =IF(COUNTIF('41826'!L2:L5,"<>0/5")=0,"",IF(COUNTA('41826'!B15:B19)=0,"",'41826'!I20)) -> 200.5 | E11: =IF(COUNTIF('41826'!L2:L5,"<>0/5")=0,"",IF(COUNTA('41826'!B24:B28)=0,"",'41826'!I29)) -> 178.6
A12: 46131 | B12: =IF(COUNTIF('41926'!L2:L5,"<>0/5")=0,"",IF(COUNTA('41926'!B6:B10)=0,"",'41926'!I11)) -> 157.8 | C12: =IF(COUNTIF('41926'!L2:L5,"<>0/5")=0,"",IF(COUNTA('41926'!B33:B37)=0,"",'41926'!I38)) -> 174.3 | D12: =IF(COUNTIF('41926'!L2:L5,"<>0/5")=0,"",IF(COUNTA('41926'!B15:B19)=0,"",'41926'!I20)) | E12: =IF(COUNTIF('41926'!L2:L5,"<>0/5")=0,"",IF(COUNTA('41926'!B24:B28)=0,"",'41926'!I29)) -> 213.8
A13: 46132 | B13: =IF(COUNTIF('42026'!L2:L5,"<>0/5")=0,"",IF(COUNTA('42026'!B6:B10)=0,"",'42026'!I11)) -> 173.5 | C13: =IF(COUNTIF('42026'!L2:L5,"<>0/5")=0,"",IF(COUNTA('42026'!B33:B37)=0,"",'42026'!I38)) -> 189.2 | D13: =IF(COUNTIF('42026'!L2:L5,"<>0/5")=0,"",IF(COUNTA('42026'!B15:B19)=0,"",'42026'!I20)) | E13: =IF(COUNTIF('42026'!L2:L5,"<>0/5")=0,"",IF(COUNTA('42026'!B24:B28)=0,"",'42026'!I29)) -> 180
A16: Finishing Position
A17: Date | B17: Andy | C17: Josh | D17: Jon | E17: Mark
A18: 4/14/26 - 4/15/26 | B18: =IFERROR(__xludf.DUMMYFUNCTION("IF(B9="""","""",RANK(B9,FILTER($B9:$E9,$B9:$E9<>""""),0))"),2.0) -> 2 | C18: =IFERROR(__xludf.DUMMYFUNCTION("IF(C9="""","""",RANK(C9,FILTER($B9:$E9,$B9:$E9<>""""),0))"),3.0) -> 3 | D18: =IFERROR(__xludf.DUMMYFUNCTION("IF(D9="""","""",RANK(D9,FILTER($B9:$E9,$B9:$E9<>""""),0))"),4.0) -> 4 | E18: =IFERROR(__xludf.DUMMYFUNCTION("IF(E9="""","""",RANK(E9,FILTER($B9:$E9,$B9:$E9<>""""),0))"),1.0) -> 1
A19: 46129 | B19: =IFERROR(__xludf.DUMMYFUNCTION("IF(B10="""","""",RANK(B10,FILTER($B10:$E10,$B10:$E10<>""""),0))"),3.0) -> 3 | C19: =IFERROR(__xludf.DUMMYFUNCTION("IF(C10="""","""",RANK(C10,FILTER($B10:$E10,$B10:$E10<>""""),0))"),1.0) -> 1 | D19: =IFERROR(__xludf.DUMMYFUNCTION("IF(D10="""","""",RANK(D10,FILTER($B10:$E10,$B10:$E10<>""""),0))"),4.0) -> 4 | E19: =IFERROR(__xludf.DUMMYFUNCTION("IF(E10="""","""",RANK(E10,FILTER($B10:$E10,$B10:$E10<>""""),0))"),2.0) -> 2
A20: 46130 | B20: =IFERROR(__xludf.DUMMYFUNCTION("IF(B11="""","""",RANK(B11,FILTER($B11:$E11,$B11:$E11<>""""),0))"),4.0) -> 4 | C20: =IFERROR(__xludf.DUMMYFUNCTION("IF(C11="""","""",RANK(C11,FILTER($B11:$E11,$B11:$E11<>""""),0))"),2.0) -> 2 | D20: =IFERROR(__xludf.DUMMYFUNCTION("IF(D11="""","""",RANK(D11,FILTER($B11:$E11,$B11:$E11<>""""),0))"),1.0) -> 1 | E20: =IFERROR(__xludf.DUMMYFUNCTION("IF(E11="""","""",RANK(E11,FILTER($B11:$E11,$B11:$E11<>""""),0))"),3.0) -> 3
A21: 46131 | B21: =IFERROR(__xludf.DUMMYFUNCTION("IF(B12="""","""",RANK(B12,FILTER($B12:$E12,$B12:$E12<>""""),0))"),3.0) -> 3 | C21: =IFERROR(__xludf.DUMMYFUNCTION("IF(C12="""","""",RANK(C12,FILTER($B12:$E12,$B12:$E12<>""""),0))"),2.0) -> 2 | D21: =IFERROR(__xludf.DUMMYFUNCTION("IF(D12="""","""",RANK(D12,FILTER($B12:$E12,$B12:$E12<>""""),0))"),"") | E21: =IFERROR(__xludf.DUMMYFUNCTION("IF(E12="""","""",RANK(E12,FILTER($B12:$E12,$B12:$E12<>""""),0))"),1.0) -> 1
A22: 46132 | B22: =IFERROR(__xludf.DUMMYFUNCTION("IF(B13="""","""",RANK(B13,FILTER($B13:$E13,$B13:$E13<>""""),0))"),3.0) -> 3 | C22: =IFERROR(__xludf.DUMMYFUNCTION("IF(C13="""","""",RANK(C13,FILTER($B13:$E13,$B13:$E13<>""""),0))"),1.0) -> 1 | D22: =IFERROR(__xludf.DUMMYFUNCTION("IF(D13="""","""",RANK(D13,FILTER($B13:$E13,$B13:$E13<>""""),0))"),"") | E22: =IFERROR(__xludf.DUMMYFUNCTION("IF(E13="""","""",RANK(E13,FILTER($B13:$E13,$B13:$E13<>""""),0))"),2.0) -> 2

Sheet 2026 Player Stats
A1: Player | B1: Times Drafted | C1: Avg Score | D1: High Score | E1: Low Score | F1: Winning Lineups | G1: Runner-up Lineups | H1: Refresh Player Stats | I1: TRUE | J1: Sort By | K1: Avg Score
A2: Deni Avdija | B2: 1 | C2: 66.4 | D2: 66.4 | E2: 66.4 | F2: 1 | G2: 0 | H2: 1 | I2: Player stats refreshed | J2: 66.4 | K2: Descending
A3: LaMelo Ball | B3: 1 | C3: 52 | D3: 52 | E3: 52 | F3: 0 | G3: 1 | H3: Last Refresh | I3: Sorted by Avg Score (Descending) | J3: Direction
A4: Miles Bridges | B4: 1 | C4: 49.8 | D4: 49.8 | E4: 49.8 | F4: 1 | G4: 0 | H4: 1 | I4: 0 | J4: 49.8
A5: Tyrese Maxey | B5: 1 | C5: 43.4 | D5: 43.4 | E5: 43.4 | F5: 0 | G5: 0 | H5: 0 | I5: 0 | J5: 43.4
A6: Stephen Curry | B6: 1 | C6: 41.2 | D6: 41.2 | E6: 41.2 | F6: 0 | G6: 0 | H6: 0 | I6: 0 | J6: 41.2
A7: Brandon Miller | B7: 1 | C7: 39.5 | D7: 39.5 | E7: 39.5 | F7: 0 | G7: 1 | H7: 0 | I7: 1 | J7: 39.5
A8: Desmond Bane | B8: 1 | C8: 39.1 | D8: 39.1 | E8: 39.1 | F8: 0 | G8: 1 | H8: Status | I8: 1 | J8: 39.1
A9: Darius Garland | B9: 1 | C9: 39 | D9: 39 | E9: 39 | F9: 1 | G9: 0 | H9: 1 | I9: 0 | J9: 39
A10: Kristaps Porzingis | B10: 1 | C10: 38.5 | D10: 38.5 | E10: 38.5 | F10: 0 | G10: 1 | H10: 0 | I10: 1 | J10: 38.5
A11: Dillon Brooks | B11: 1 | C11: 38.4 | D11: 38.4 | E11: 38.4 | F11: 0 | G11: 0 | H11: 0 | I11: 0 | J11: 38.4
A12: Tyler Herro | B12: 1 | C12: 33.6 | D12: 33.6 | E12: 33.6 | F12: 0 | G12: 0 | H12: 0 | I12: 0 | J12: 33.6
A13: Paul George | B13: 1 | C13: 33.5 | D13: 33.5 | E13: 33.5 | F13: 1 | G13: 0 | H13: 1 | I13: 0 | J13: 33.5
A14: Devin Booker | B14: 1 | C14: 29.2 | D14: 29.2 | E14: 29.2 | F14: 1 | G14: 0 | H14: 1 | I14: 0 | J14: 29.2
A15: Kawhi Leonard | B15: 1 | C15: 28.9 | D15: 28.9 | E15: 28.9 | F15: 0 | G15: 0 | H15: 0 | I15: 0 | J15: 28.9
A16: Paolo Banchero | B16: 1 | C16: 26 | D16: 26 | E16: 26 | F16: 0 | G16: 0 | H16: 0 | I16: 0 | J16: 26
A17: Wendell Carter Jr. | B17: 1 | C17: 25.7 | D17: 25.7 | E17: 25.7 | F17: 0 | G17: 0 | H17: 0 | I17: 0 | J17: 25.7
A18: Jerami Grant | B18: 1 | C18: 21.4 | D18: 21.4 | E18: 21.4 | F18: 0 | G18: 0 | H18: 0 | I18: 0 | J18: 21.4
A19: Franz Wagner | B19: 1 | C19: 21.3 | D19: 21.3 | E19: 21.3 | F19: 0 | G19: 0 | H19: 0 | I19: 0 | J19: 21.3
A20: Kon Knueppel | B20: 1 | C20: 13.5 | D20: 13.5 | E20: 13.5 | F20: 0 | G20: 0 | H20: 0 | I20: 0 | J20: 13.5
A21: Bam Adebayo | B21: 1 | C21: 13.1 | D21: 13.1 | E21: 13.1 | F21: 0 | G21: 1 | H21: 0 | I21: 1 | J21: 13.1

Sheet 2025 Standings
A1: Name | B1: Wins | C1: Runner-ups | D1: Avg Finish | E1: Avg Score | F1: High Score | G1: Low Score
A2: Andy | B2: =SUMPRODUCT(--(B11:B44> C11:C44), --(B11:B44> D11:D44), --(B11:B44> E11:E44)) -> 5 | C2: =COUNTIF(B48:B81,2) -> 5 | D2: =AVERAGEIF(B48:B81,"<>#N/A") -> 2.68 | E2: =AVERAGEIF(B11:B44,">0") -> 160.728 | F2: =MAXIFS(B11:B44,B11:B44,">0") -> 218 | G2: =MINIFS(B11:B44,B11:B44,">0") -> 108.4
A3: Josh | B3: =SUMPRODUCT(--(C11:C44> B11:B44), --(C11:C44> D11:D44), --(C11:C44> E11:E44)) -> 7 | C3: =COUNTIF(C48:C81,2) -> 7 | D3: =AVERAGEIF(C48:C81,"<>#N/A") -> 2.4 | E3: =AVERAGEIF(C11:C44,">0") -> 167.292 | F3: =MAXIFS(C11:C44,C11:C44,">0") -> 226.1 | G3: =MINIFS(C11:C44,C11:C44,">0") -> 120.6
A4: Jon | B4: =SUMPRODUCT(--(D11:D44> C11:C44), --(D11:D44> B11:B44), --(D11:D44> E11:E44)) -> 3 | C4: =COUNTIF(D48:D81,2) -> 8 | D4: =AVERAGEIF(D48:D81,"<>#N/A") -> 2.7083333 | E4: =AVERAGEIF(D11:D44,">0") -> 161.42083 | F4: =MAXIFS(D11:D44,D11:D44,">0") -> 214.4 | G4: =MINIFS(D11:D44,D11:D44,">0") -> 116.7
A5: Mark | B5: =SUMPRODUCT(--(E11:E44> C11:C44), --(E11:E44> D11:D44), --(E11:E44> B11:B44)) -> 10 | C5: =COUNTIF(E48:E81,2) -> 5 | D5: =AVERAGEIF(E48:E81,"<>#N/A") -> 2.16 | E5: =AVERAGEIF(E11:E44,">0") -> 169.276 | F5: =MAXIFS(E11:E44,E11:E44,">0") -> 231.4 | G5: =MINIFS(E11:E44,E11:E44,">0") -> 107.5
A9: Scores
A10: Date | B10: Andy | C10: Josh | D10: Jon | E10: Mark
A11: 45766 | B11: =VLOOKUP("Andy",'41925'!$A$1:$I$35, 9,0) -> 201.4 | C11: =VLOOKUP("Josh",'41925'!$A$1:$I$35, 9,0) -> 226.1 | D11: =VLOOKUP("Jon",'41925'!$A$1:$I$35, 9,0) -> 200.8 | E11: =VLOOKUP("Mark",'41925'!$A$1:$I$35, 9,0) -> 177.3
A12: 45767 | B12: =VLOOKUP("Andy",'42025'!$A$1:$I$35, 9,0) -> 177.4 | C12: =VLOOKUP("Josh",'42025'!$A$1:$I$35, 9,0) -> 177.3 | D12: =VLOOKUP("Jon",'42025'!$A$1:$I$35, 9,0) -> 164.4 | E12: =VLOOKUP("Mark",'42025'!$A$1:$I$35, 9,0) -> 165
A13: 45768 | B13: =VLOOKUP("Andy",'42125'!$A$1:$I$35, 9,0) -> 141.5 | C13: =VLOOKUP("Josh",'42125'!$A$1:$I$35, 9,0) -> 153.6 | D13: =VLOOKUP("Jon",'42125'!$A$1:$I$35, 9,0) -> 134.5 | E13: =VLOOKUP("Mark",'42125'!$A$1:$I$35, 9,0) -> 160.9
A14: 45769 | B14: =VLOOKUP("Andy",'42225'!$A$1:$I$35, 9,0) -> 205.1 | C14: =VLOOKUP("Josh",'42225'!$A$1:$I$35, 9,0) -> 161.1 | D14: =VLOOKUP("Jon",'42225'!$A$1:$I$35, 9,0) -> 172.3 | E14: =VLOOKUP("Mark",'42225'!$A$1:$I$35, 9,0) -> 180.3
A15: 45770 | B15: =VLOOKUP("Andy",'42325'!$A$1:$I$35, 9,0) -> 149.2 | C15: =VLOOKUP("Josh",'42325'!$A$1:$I$35, 9,0) -> 184.4 | D15: =VLOOKUP("Jon",'42325'!$A$1:$I$35, 9,0) -> 183.6 | E15: =VLOOKUP("Mark",'42325'!$A$1:$I$35, 9,0) -> 162.2
A16: 45771 | B16: =VLOOKUP("Andy",'42425'!$A$1:$I$35, 9,0) -> 171.5 | C16: =VLOOKUP("Josh",'42425'!$A$1:$I$35, 9,0) -> 186.7 | D16: =VLOOKUP("Jon",'42425'!$A$1:$I$35, 9,0) -> 168.7 | E16: =VLOOKUP("Mark",'42425'!$A$1:$I$35, 9,0) -> 193.3
A17: 45772 | B17: =VLOOKUP("Andy",'42525'!$A$1:$I$35, 9,0) -> 169 | C17: =VLOOKUP("Josh",'42525'!$A$1:$I$35, 9,0) -> 151 | D17: =VLOOKUP("Jon",'42525'!$A$1:$I$35, 9,0) -> 152.4 | E17: =VLOOKUP("Mark",'42525'!$A$1:$I$35, 9,0) -> 203.1
A18: 45773 | B18: =VLOOKUP("Andy",'42625'!$A$1:$I$35, 9,0) -> 201.7 | C18: =VLOOKUP("Josh",'42625'!$A$1:$I$35, 9,0) -> 181.3 | E18: =VLOOKUP("Mark",'42625'!$A$1:$I$35, 9,0) -> 187.1
A19: 45774 | B19: =VLOOKUP("Andy",'42725'!$A$1:$I$35, 9,0) -> 189.2 | C19: =VLOOKUP("Josh",'42725'!$A$1:$I$35, 9,0) -> 191.8 | D19: =VLOOKUP("Jon",'42725'!$A$1:$I$35, 9,0) -> 214.4 | E19: =VLOOKUP("Mark",'42725'!$A$1:$I$35, 9,0) -> 231.4
A20: 45775 | B20: =VLOOKUP("Andy",'42825'!$A$1:$I$35, 9,0) -> 147.8 | C20: =VLOOKUP("Josh",'42825'!$A$1:$I$35, 9,0) -> 120.6 | D20: =VLOOKUP("Jon",'42825'!$A$1:$I$35, 9,0) -> 132.2 | E20: =VLOOKUP("Mark",'42825'!$A$1:$I$35, 9,0) -> 107.5
A21: 45776 | B21: =VLOOKUP("Andy",'42925'!$A$1:$I$35, 9,0) -> 218 | C21: =VLOOKUP("Josh",'42925'!$A$1:$I$35, 9,0) -> 173.1 | D21: =VLOOKUP("Jon",'42925'!$A$1:$I$35, 9,0) -> 208 | E21: =VLOOKUP("Mark",'42925'!$A$1:$I$35, 9,0) -> 206.5
A22: 45777 | B22: =VLOOKUP("Andy",'43025'!$A$1:$I$35, 9,0) -> 108.4 | C22: =VLOOKUP("Josh",'43025'!$A$1:$I$35, 9,0) -> 164.3 | D22: =VLOOKUP("Jon",'43025'!$A$1:$I$35, 9,0) -> 177.8 | E22: =VLOOKUP("Mark",'43025'!$A$1:$I$35, 9,0) -> 134
A23: 45778 | B23: =VLOOKUP("Andy",'5125'!$A$1:$I$35, 9,0) -> 155.9 | C23: =VLOOKUP("Josh",'5125'!$A$1:$I$35, 9,0) -> 176.3 | D23: =VLOOKUP("Jon",'5125'!$A$1:$I$35, 9,0) -> 178 | E23: =VLOOKUP("Mark",'5125'!$A$1:$I$35, 9,0) -> 164.4
A24: 45779 | B24: =VLOOKUP("Andy",'5225'!$A$1:$I$35, 9,0) -> 157.4 | C24: =VLOOKUP("Josh",'5225'!$A$1:$I$35, 9,0) -> 164.6 | D24: =VLOOKUP("Jon",'5225'!$A$1:$I$35, 9,0) -> 127.3 | E24: =VLOOKUP("Mark",'5225'!$A$1:$I$35, 9,0) -> 167.3
A25: 45780
A26: 45781 | B26: =VLOOKUP("Andy",'5425'!$A$1:$I$35, 9,0) -> 153.9 | C26: =VLOOKUP("Josh",'5425'!$A$1:$I$35, 9,0) -> 138.8 | D26: =VLOOKUP("Jon",'5425'!$A$1:$I$35, 9,0) -> 158.3 | E26: =VLOOKUP("Mark",'5425'!$A$1:$I$35, 9,0) -> 192.4
A27: 45782 | B27: =VLOOKUP("Andy",'5525'!$A$1:$I$35, 9,0) -> 193.1 | C27: =VLOOKUP("Josh",'5525'!$A$1:$I$35, 9,0) -> 172 | D27: =VLOOKUP("Jon",'5525'!$A$1:$I$35, 9,0) -> 195.7 | E27: =VLOOKUP("Mark",'5525'!$A$1:$I$35, 9,0) -> 144.2
A28: 45783 | B28: =VLOOKUP("Andy",'5625'!$A$1:$I$35, 9,0) -> 137.4 | C28: =VLOOKUP("Josh",'5625'!$A$1:$I$35, 9,0) -> 219.6 | D28: =VLOOKUP("Jon",'5625'!$A$1:$I$35, 9,0) -> 141.3 | E28: =VLOOKUP("Mark",'5625'!$A$1:$I$35, 9,0) -> 159.6
A29: 45784 | B29: =VLOOKUP("Andy",'5725'!$A$1:$I$35, 9,0) -> 165.4 | C29: =VLOOKUP("Josh",'5725'!$A$1:$I$35, 9,0) -> 126 | D29: =VLOOKUP("Jon",'5725'!$A$1:$I$35, 9,0) -> 123.2 | E29: =VLOOKUP("Mark",'5725'!$A$1:$I$35, 9,0) -> 169.6
A30: 45785 | B30: =VLOOKUP("Andy",'5825'!$A$1:$I$35, 9,0) -> 147.3 | C30: =VLOOKUP("Josh",'5825'!$A$1:$I$35, 9,0) -> 193.6 | D30: =VLOOKUP("Jon",'5825'!$A$1:$I$35, 9,0) -> 184.9 | E30: =VLOOKUP("Mark",'5825'!$A$1:$I$35, 9,0) -> 156.3
A31: 45786
A32: 45787 | B32: =VLOOKUP("Andy",'51025'!$A$1:$I$35, 9,0) -> 122 | C32: =VLOOKUP("Josh",'51025'!$A$1:$I$35, 9,0) -> 186.9 | D32: =VLOOKUP("Jon",'51025'!$A$1:$I$35, 9,0) -> 138.6 | E32: =VLOOKUP("Mark",'51025'!$A$1:$I$35, 9,0) -> 121.5
A33: 45788 | B33: =VLOOKUP("Andy",'51125'!$A$1:$I$35, 9,0) -> 122.2 | C33: =VLOOKUP("Josh",'51125'!$A$1:$I$35, 9,0) -> 149.5 | D33: =VLOOKUP("Jon",'51125'!$A$1:$I$35, 9,0) -> 116.7 | E33: =VLOOKUP("Mark",'51125'!$A$1:$I$35, 9,0) -> 138.7
A34: 45789 | B34: =VLOOKUP("Andy",'51225'!$A$1:$I$35, 9,0) -> 161.5 | C34: =VLOOKUP("Josh",'51225'!$A$1:$I$35, 9,0) -> 122.1 | D34: =VLOOKUP("Jon",'51225'!$A$1:$I$35, 9,0) -> 155.6 | E34: =VLOOKUP("Mark",'51225'!$A$1:$I$35, 9,0) -> 170.7
A35: 45790 | B35: =VLOOKUP("Andy",'51325'!$A$1:$I$35, 9,0) -> 154.5 | C35: =VLOOKUP("Josh",'51325'!$A$1:$I$35, 9,0) -> 154.7 | D35: =VLOOKUP("Jon",'51325'!$A$1:$I$35, 9,0) -> 144.5 | E35: =VLOOKUP("Mark",'51325'!$A$1:$I$35, 9,0) -> 199.7
A36: 45791 | B36: =VLOOKUP("Andy",'51425'!$A$1:$I$35, 9,0) -> 132.7 | C36: =VLOOKUP("Josh",'51425'!$A$1:$I$35, 9,0) -> 173.1 | D36: =VLOOKUP("Jon",'51425'!$A$1:$I$35, 9,0) -> 158.9 | E36: =VLOOKUP("Mark",'51425'!$A$1:$I$35, 9,0) -> 172.4
A37: 45792 | B37: =VLOOKUP("Andy",'51525'!$A$1:$I$35, 9,0) -> 134.7 | C37: =VLOOKUP("Josh",'51525'!$A$1:$I$35, 9,0) -> 133.8 | D37: =VLOOKUP("Jon",'51525'!$A$1:$I$35, 9,0) -> 142 | E37: =VLOOKUP("Mark",'51525'!$A$1:$I$35, 9,0) -> 166.5
A38: 45793
A39: 45794
A40: 45795
A41: 45796
A42: 45797
A43: 45798
A44: 45799
A46: Finishing Position
A47: Date | B47: Andy | C47: Josh | D47: Jon | E47: Mark
A48: 45766 | B48: =RANK(B11,$B11:$E11,0) -> 2 | C48: =RANK(C11,$B11:$E11,0) -> 1 | D48: =RANK(D11,$B11:$E11,0) -> 3 | E48: =RANK(E11,$B11:$E11,0) -> 4
A49: 45767 | B49: =RANK(B12,$B12:$E12,0) -> 1 | C49: =RANK(C12,$B12:$E12,0) -> 2 | D49: =RANK(D12,$B12:$E12,0) -> 4 | E49: =RANK(E12,$B12:$E12,0) -> 3
A50: 45768 | B50: =RANK(B13,$B13:$E13,0) -> 3 | C50: =RANK(C13,$B13:$E13,0) -> 2 | D50: =RANK(D13,$B13:$E13,0) -> 4 | E50: =RANK(E13,$B13:$E13,0) -> 1
A51: 45769 | B51: =RANK(B14,$B14:$E14,0) -> 1 | C51: =RANK(C14,$B14:$E14,0) -> 4 | D51: =RANK(D14,$B14:$E14,0) -> 3 | E51: =RANK(E14,$B14:$E14,0) -> 2
A52: 45770 | B52: =RANK(B15,$B15:$E15,0) -> 4 | C52: =RANK(C15,$B15:$E15,0) -> 1 | D52: =RANK(D15,$B15:$E15,0) -> 2 | E52: =RANK(E15,$B15:$E15,0) -> 3
A53: 45771 | B53: =RANK(B16,$B16:$E16,0) -> 3 | C53: =RANK(C16,$B16:$E16,0) -> 2 | D53: =RANK(D16,$B16:$E16,0) -> 4 | E53: =RANK(E16,$B16:$E16,0) -> 1
A54: 45772 | B54: =RANK(B17,$B17:$E17,0) -> 2 | C54: =RANK(C17,$B17:$E17,0) -> 4 | D54: =RANK(D17,$B17:$E17,0) -> 3 | E54: =RANK(E17,$B17:$E17,0) -> 1
A55: 45773 | B55: =RANK(B18,$B18:$E18,0) -> 1 | C55: =RANK(C18,$B18:$E18,0) -> 3 | E55: =RANK(E18,$B18:$E18,0) -> 2
A56: 45774 | B56: =RANK(B19,$B19:$E19,0) -> 4 | C56: =RANK(C19,$B19:$E19,0) -> 3 | D56: =RANK(D19,$B19:$E19,0) -> 2 | E56: =RANK(E19,$B19:$E19,0) -> 1
A57: 45775 | B57: =RANK(B20,$B20:$E20,0) -> 1 | C57: =RANK(C20,$B20:$E20,0) -> 3 | D57: =RANK(D20,$B20:$E20,0) -> 2 | E57: =RANK(E20,$B20:$E20,0) -> 4
A58: 45776 | B58: =RANK(B21,$B21:$E21,0) -> 1 | C58: =RANK(C21,$B21:$E21,0) -> 4 | D58: =RANK(D21,$B21:$E21,0) -> 2 | E58: =RANK(E21,$B21:$E21,0) -> 3
A59: 45777 | B59: =RANK(B22,$B22:$E22,0) -> 4 | C59: =RANK(C22,$B22:$E22,0) -> 2 | D59: =RANK(D22,$B22:$E22,0) -> 1 | E59: =RANK(E22,$B22:$E22,0) -> 3
A60: 45778 | B60: =RANK(B23,$B23:$E23,0) -> 4 | C60: =RANK(C23,$B23:$E23,0) -> 2 | D60: =RANK(D23,$B23:$E23,0) -> 1 | E60: =RANK(E23,$B23:$E23,0) -> 3
A61: 45779 | B61: =RANK(B24,$B24:$E24,0) -> 3 | C61: =RANK(C24,$B24:$E24,0) -> 2 | D61: =RANK(D24,$B24:$E24,0) -> 4 | E61: =RANK(E24,$B24:$E24,0) -> 1
A62: 45780
A63: 45781 | B63: =RANK(B26,$B26:$E26,0) -> 3 | C63: =RANK(C26,$B26:$E26,0) -> 4 | D63: =RANK(D26,$B26:$E26,0) -> 2 | E63: =RANK(E26,$B26:$E26,0) -> 1
A64: 45782 | B64: =RANK(B27,$B27:$E27,0) -> 2 | C64: =RANK(C27,$B27:$E27,0) -> 3 | D64: =RANK(D27,$B27:$E27,0) -> 1 | E64: =RANK(E27,$B27:$E27,0) -> 4
A65: 45783 | B65: =RANK(B28,$B28:$E28,0) -> 4 | C65: =RANK(C28,$B28:$E28,0) -> 1 | D65: =RANK(D28,$B28:$E28,0) -> 3 | E65: =RANK(E28,$B28:$E28,0) -> 2
A66: 45784 | B66: =RANK(B29,$B29:$E29,0) -> 2 | C66: =RANK(C29,$B29:$E29,0) -> 3 | D66: =RANK(D29,$B29:$E29,0) -> 4 | E66: =RANK(E29,$B29:$E29,0) -> 1
A67: 45785 | B67: =RANK(B30,$B30:$E30,0) -> 4 | C67: =RANK(C30,$B30:$E30,0) -> 1 | D67: =RANK(D30,$B30:$E30,0) -> 2 | E67: =RANK(E30,$B30:$E30,0) -> 3
A68: 45786
A69: 45787 | B69: =RANK(B32,$B32:$E32,0) -> 3 | C69: =RANK(C32,$B32:$E32,0) -> 1 | D69: =RANK(D32,$B32:$E32,0) -> 2 | E69: =RANK(E32,$B32:$E32,0) -> 4
A70: 45788 | B70: =RANK(B33,$B33:$E33,0) -> 3 | C70: =RANK(C33,$B33:$E33,0) -> 1 | D70: =RANK(D33,$B33:$E33,0) -> 4 | E70: =RANK(E33,$B33:$E33,0) -> 2
A71: 45789 | B71: =RANK(B34,$B34:$E34,0) -> 2 | C71: =RANK(C34,$B34:$E34,0) -> 4 | D71: =RANK(D34,$B34:$E34,0) -> 3 | E71: =RANK(E34,$B34:$E34,0) -> 1
A72: 45790 | B72: =RANK(B35,$B35:$E35,0) -> 3 | C72: =RANK(C35,$B35:$E35,0) -> 2 | D72: =RANK(D35,$B35:$E35,0) -> 4 | E72: =RANK(E35,$B35:$E35,0) -> 1
A73: 45791 | B73: =RANK(B36,$B36:$E36,0) -> 4 | C73: =RANK(C36,$B36:$E36,0) -> 1 | D73: =RANK(D36,$B36:$E36,0) -> 3 | E73: =RANK(E36,$B36:$E36,0) -> 2
A74: 45792 | B74: =RANK(B37,$B37:$E37,0) -> 3 | C74: =RANK(C37,$B37:$E37,0) -> 4 | D74: =RANK(D37,$B37:$E37,0) -> 2 | E74: =RANK(E37,$B37:$E37,0) -> 1
A75: 45793 | B75: =RANK(B38,$B38:$E38,0) -> #N/A | C75: =RANK(C38,$B38:$E38,0) -> #N/A | D75: =RANK(D38,$B38:$E38,0) -> #N/A | E75: =RANK(E38,$B38:$E38,0) -> #N/A
A76: 45794 | B76: =RANK(B39,$B39:$E39,0) -> #N/A | C76: =RANK(C39,$B39:$E39,0) -> #N/A | D76: =RANK(D39,$B39:$E39,0) -> #N/A | E76: =RANK(E39,$B39:$E39,0) -> #N/A
A77: 45795 | B77: =RANK(B40,$B40:$E40,0) -> #N/A | C77: =RANK(C40,$B40:$E40,0) -> #N/A | D77: =RANK(D40,$B40:$E40,0) -> #N/A | E77: =RANK(E40,$B40:$E40,0) -> #N/A
A78: 45796 | B78: =RANK(B41,$B41:$E41,0) -> #N/A | C78: =RANK(C41,$B41:$E41,0) -> #N/A | D78: =RANK(D41,$B41:$E41,0) -> #N/A | E78: =RANK(E41,$B41:$E41,0) -> #N/A
A79: 45797 | B79: =RANK(B42,$B42:$E42,0) -> #N/A | C79: =RANK(C42,$B42:$E42,0) -> #N/A | D79: =RANK(D42,$B42:$E42,0) -> #N/A | E79: =RANK(E42,$B42:$E42,0) -> #N/A
A80: 45798 | B80: =RANK(B43,$B43:$E43,0) -> #N/A | C80: =RANK(C43,$B43:$E43,0) -> #N/A | D80: =RANK(D43,$B43:$E43,0) -> #N/A | E80: =RANK(E43,$B43:$E43,0) -> #N/A
A81: 45799 | B81: =RANK(B44,$B44:$E44,0) -> #N/A | C81: =RANK(C44,$B44:$E44,0) -> #N/A | D81: =RANK(D44,$B44:$E44,0) -> #N/A | E81: =RANK(E44,$B44:$E44,0) -> #N/A

Sheet NBA Player List
A1: Players | H1: Score
A2: Aaron Gordon | B2: 14 | C2: 6 | D2: 1 | E2: 0 | F2: 0 | G2: 1 | H2: =sum(B2+1.2*C2+1.5*D2+2*E2+2*F2)-G2 -> 21.7 | K2: Players | L2: Avg | M2: Median | N2: Max | O2: Min | P2: Times Drafted | R2: *through 5/16/25
A3: Aaron Gordon | B3: 25 | C3: 8 | D3: 1 | E3: 2 | F3: 0 | G3: 3 | H3: 37.1 | L3: #DIV/0! | M3: #NUM! | N3: 0 | O3: 0 | P3: 0
A4: Aaron Gordon | B4: 15 | C4: 7 | D4: 0 | E4: 0 | F4: 0 | G4: 2 | H4: =sum(B4+1.2*C4+1.5*D4+2*E4+2*F4)-G4 -> 21.4 | K4: Giannis Antetekoumpo | L4: 60.78 | M4: 57.4 | N4: 74.5 | O4: 52.9 | P4: 5
A5: Alperun Sengun | B5: 31 | C5: 10 | D5: 5 | E5: 2 | F5: 0 | G5: 0 | H5: =sum(B5+1.2*C5+1.5*D5+2*E5+2*F5)-G5 -> 54.5 | K5: Nikola Jokic | L5: 56.807692 | M5: 54.4 | N5: 77.2 | O5: 33.6 | P5: 13 | T5: Player Name | U5: Number of Wins
A6: Alperun Sengun | B6: 26 | C6: 9 | D6: 1 | E6: 3 | F6: 0 | G6: 5 | H6: =sum(B6+1.2*C6+1.5*D6+2*E6+2*F6)-G6 -> 39.3 | K6: Jayson Tatum | L6: 52.6125 | M6: 51 | N6: 66.6 | O6: 42.3 | P6: 8 | T6: Karl-Anthony Towns | U6: 6
A7: Alperun Sengun | B7: 17 | C7: 16 | D7: 7 | E7: 2 | F7: 0 | G7: 3 | H7: =sum(B7+1.2*C7+1.5*D7+2*E7+2*F7)-G7 -> 47.7 | K7: LeBron James | L7: 49.6 | M7: 46.7 | N7: 63 | O7: 35.5 | P7: 5 | T7: Jamal Murray | U7: 5
A8: Alperun Sengun | B8: 15 | C8: 11 | D8: 4 | E8: 0 | F8: 0 | G8: 1 | H8: =sum(B8+1.2*C8+1.5*D8+2*E8+2*F8)-G8 -> 33.2 | K8: Shai Gilgeous-Alexander | L8: 47.54 | M8: 47.95 | N8: 62 | O8: 28.1 | P8: 10 | T8: Steph Curry | U8: 4
A9: Alperun Sengun | B9: 15 | C9: 9 | D9: 9 | E9: 2 | F9: 2 | G9: 1 | H9: =sum(B9+1.2*C9+1.5*D9+2*E9+2*F9)-G9 -> 46.3 | K9: Cade Cunningham | L9: 47.366667 | M9: 49.65 | N9: 54.9 | O9: 30.4 | P9: 6 | T9: Jimmy Butler | U9: 4
A10: Amen Thompson | B10: 11 | C10: 1 | D10: 3 | E10: 0 | F10: 0 | G10: 0 | H10: =sum(B10+1.2*C10+1.5*D10+2*E10+2*F10)-G10 -> 16.7 | K10: Anthony Edwards | L10: 47.25 | M10: 46.15 | N10: 63.8 | O10: 30.2 | P10: 10 | T10: Jayson Tatum | U10: 4
A11: Amen Thompson | B11: 8 | C11: 9 | D11: 6 | E11: 1 | F11: 1 | G11: 2 | H11: =sum(B11+1.2*C11+1.5*D11+2*E11+2*F11)-G11 -> 29.8 | K11: Luka Doncic | L11: 46.5 | M11: 47.1 | N11: 56.9 | O11: 36.4 | P11: 5 | T11: Jalen Williams | U11: 4
A12: Amen Thompson | B12: 17 | C12: 9 | D12: 2 | E12: 1 | F12: 0 | G12: 1 | H12: =sum(B12+1.2*C12+1.5*D12+2*E12+2*F12)-G12 -> 31.8 | K12: Paolo Banchero | L12: 45.58 | M12: 41.9 | N12: 57.3 | O12: 35.8 | P12: 5 | T12: Rudy Gobert | U12: 3
A13: Amen Thompson | B13: 25 | C13: 6 | D13: 3 | E13: 5 | F13: 3 | G13: 3 | H13: =sum(B13+1.2*C13+1.5*D13+2*E13+2*F13)-G13 -> 49.7 | K13: Alperun Sengun | L13: 45.442857 | M13: 46.3 | N13: 54.5 | O13: 33.2 | P13: 7 | T13: OG Anunoby | U13: 3
A14: Andrew Nembhard | B14: 6 | C14: 1 | D14: 5 | E14: 1 | F14: 0 | G14: 0 | H14: =sum(B14+1.2*C14+1.5*D14+2*E14+2*F14)-G14 -> 16.7 | K14: Jalen Brunson | L14: 43.783333 | M14: 44.35 | N14: 62 | O14: 26.1 | P14: 12 | T14: Michael Porter Jr. | U14: 3
A15: Andrew Wiggins | B15: 10 | C15: 1 | D15: 3 | E15: 0 | F15: 3 | G15: 2 | H15: =sum(B15+1.2*C15+1.5*D15+2*E15+2*F15)-G15 -> 19.7 | K15: Donovan Mitchell | L15: 43.677778 | M15: 47.2 | N15: 72.5 | O15: 15.2 | P15: 9 | T15: Julius Randle | U15: 3
A16: Andrew Wiggins | B16: 12 | C16: 5 | D16: 1 | E16: 0 | F16: 0 | G16: 3 | H16: =sum(B16+1.2*C16+1.5*D16+2*E16+2*F16)-G16 -> 16.5 | K16: Kawhi Leonard | L16: 42.728571 | M16: 41.2 | N16: 55.1 | O16: 31.2 | P16: 7 | T16: Josh Hart | U16: 3
A17: Anthony Edwards | B17: 29 | C17: 8 | D17: 8 | E17: 2 | F17: 1 | G17: 2 | H17: =sum(B17+1.2*C17+1.5*D17+2*E17+2*F17)-G17 -> 54.6 | K17: Franz Wagner | L17: 41.16 | M17: 37.8 | N17: 55.4 | O17: 35.1 | P17: 5 | T17: Jalen Brunson | U17: 3
A18: Anthony Edwards | B18: 22 | C18: 8 | D18: 9 | E18: 1 | F18: 0 | G18: 1 | H18: 46.1 | K18: James Harden | L18: 40.514286 | M18: 39.7 | N18: 55.7 | O18: 28.1 | P18: 7 | T18: Evan Mobley | U18: 3
A19: Anthony Edwards | B19: 25 | C19: 6 | D19: 0 | E19: 0 | F19: 0 | G19: 2 | H19: =sum(B19+1.2*C19+1.5*D19+2*E19+2*F19)-G19 -> 30.2 | K19: Tyrese Haliburton | L19: 38.95 | M19: 40.2 | N19: 56.5 | O19: 10.5 | P19: 10 | T19: Donovan Mitchell | U19: 3
A20: Anthony Edwards | B20: 43 | C20: 9 | D20: 6 | E20: 0 | F20: 1 | G20: 1 | H20: =sum(B20+1.2*C20+1.5*D20+2*E20+2*F20)-G20 -> 63.8 | K20: Julius Randle | L20: 38.73 | M20: 40.5 | N20: 56 | O20: 22.5 | P20: 10 | T20: Derrick White | U20: 3
A21: Anthony Edwards | B21: 15 | C21: 11 | D21: 8 | E21: 3 | F21: 0 | G21: 0 | H21: =sum(B21+1.2*C21+1.5*D21+2*E21+2*F21)-G21 -> 46.2 | K21: Jamal Murray | L21: 37.207692 | M21: 35.2 | N21: 66.5 | O21: 20.3 | P21: 13 | T21: Brandin Podziemski | U21: 3
A22: Ausar Thompson | B22: 5 | C22: 5 | D22: 0 | E22: 2 | F22: 0 | G22: 2 | H22: =sum(B22+1.2*C22+1.5*D22+2*E22+2*F22)-G22 -> 13 | K22: Jalen Williams | L22: 37.18 | M22: 37.1 | N22: 44.7 | O22: 28.1 | P22: 10 | T22: Anthony Edwards | U22: 3
A23: Austin Reaves | B23: 16 | C23: 5 | D23: 5 | E23: 0 | F23: 0 | G23: 1 | H23: =sum(B23+1.2*C23+1.5*D23+2*E23+2*F23)-G23 -> 28.5 | K23: Steph Curry | L23: 36.7375 | M23: 39.1 | N23: 61.9 | O23: 14.7 | P23: 8 | T23: Amen Thompson | U23: 3
A24: Austin Reaves | B24: 20 | C24: 7 | D24: 4 | E24: 0 | F24: 1 | G24: 4 | H24: =sum(B24+1.2*C24+1.5*D24+2*E24+2*F24)-G24 -> 32.4 | K24: Jimmy Butler | L24: 36.736364 | M24: 41.1 | N24: 51.4 | O24: 5.4 | P24: 11 | T24: Tyrese Haliburton | U24: 2
A25: Austin Reaves | B25: 16 | C25: 3 | D25: 3 | E25: 0 | F25: 0 | G25: 2 | H25: 22.1 | K25: Bam Adebayo | L25: 36.575 | M25: 36.85 | N25: 44.3 | O25: 28.3 | P25: 4 | T25: Shai Gilgeous-Alexander | U25: 2
A26: Austin Reaves | B26: 12 | C26: 5 | D26: 2 | E26: 0 | F26: 0 | G26: 6 | H26: =sum(B26+1.2*C26+1.5*D26+2*E26+2*F26)-G26 -> 15 | K26: Karl-Anthony Towns | L26: 36.475 | M26: 35.8 | N26: 55.7 | O26: 19.2 | P26: 12 | T26: Russell Westbrook | U26: 2
A27: Bam Adebayo | B27: 24 | C27: 9 | D27: 3 | E27: 2 | F27: 1 | G27: 1 | H27: =sum(B27+1.2*C27+1.5*D27+2*E27+2*F27)-G27 -> 44.3 | K27: Jaylen Brown | L27: 35.372727 | M27: 33.2 | N27: 54.5 | O27: 25.7 | P27: 11 | T27: Paolo Banchero | U27: 2
A28: Bam Adebayo | B28: 13 | C28: 12 | D28: 4 | E28: 1 | F28: 0 | G28: 3 | H28: =sum(B28+1.2*C28+1.5*D28+2*E28+2*F28)-G28 -> 32.4 | K28: Ivica Zubac | L28: 34.885714 | M28: 36.4 | N28: 46.4 | O28: 24.2 | P28: 7 | T28: Mikal Bridges | U28: 2
A29: Bam Adebayo | B29: 22 | C29: 9 | D29: 1 | E29: 0 | F29: 0 | G29: 6 | H29: =sum(B29+1.2*C29+1.5*D29+2*E29+2*F29)-G29 -> 28.3 | K29: Chet Holmgren | L29: 34.17 | M29: 35.15 | N29: 42.2 | O29: 21.6 | P29: 10 | T29: Max Strus | U29: 2
A30: Bam Adebayo | B30: 11 | C30: 14 | D30: 9 | E30: 1 | F30: 0 | G30: 2 | H30: =sum(B30+1.2*C30+1.5*D30+2*E30+2*F30)-G30 -> 41.3 | K30: Fred VanVleet | L30: 34.06 | M30: 31.2 | N30: 48.6 | O30: 25.2 | P30: 5 | T30: Jaylen Brown | U30: 2
A31: Bobby Portis | B31: 10 | C31: 8 | D31: 3 | E31: 1 | F31: 1 | G31: 3 | H31: =sum(B31+1.2*C31+1.5*D31+2*E31+2*F31)-G31 -> 25.1 | K31: Amen Thompson | L31: 33.45 | M31: 30.8 | N31: 49.7 | O31: 16.7 | P31: 6 | T31: Jarrett Allen | U31: 2
A32: Brandin Podziemski | B32: 26 | C32: 5 | D32: 5 | E32: 2 | F32: 1 | G32: 2 | H32: =sum(B32+1.2*C32+1.5*D32+2*E32+2*F32)-G32 -> 43.5 | K32: Josh Hart | L32: 33.063636 | M32: 34.7 | N32: 40.2 | O32: 23.3 | P32: 11 | T32: Jaren Jackson Jr. | U32: 2
A33: Buddy Hield | B33: 4 | C33: 2 | D33: 1 | E33: 1 | F33: 1 | G33: 0 | H33: =sum(B33+1.2*C33+1.5*D33+2*E33+2*F33)-G33 -> 11.9 | K33: Jalen Duren | L33: 32.216667 | M33: 32.05 | N33: 37.8 | O33: 25.7 | P33: 6 | T33: Jalen Green | U33: 2
A34: Cade Cunningham | B34: 33 | C34: 12 | D34: 3 | E34: 2 | F34: 0 | G34: 5 | H34: =sum(B34+1.2*C34+1.5*D34+2*E34+2*F34)-G34 -> 50.9 | K34: Evan Mobley | L34: 32.1875 | M34: 32.8 | N34: 51.6 | O34: 16 | P34: 8 | T34: Jaden McDaniels | U34: 2
A35: Cade Cunningham | B35: 25 | C35: 10 | D35: 10 | E35: 0 | F35: 4 | G35: 7 | H35: =sum(B35+1.2*C35+1.5*D35+2*E35+2*F35)-G35 -> 53 | K35: Pascal Siakam | L35: 31.7 | M35: 30.95 | N35: 45.7 | O35: 14.3 | P35: 10 | T35: Desmond Bane | U35: 2
A36: Cade Cunningham | B36: 21 | C36: 6 | D36: 12 | E36: 0 | F36: 0 | G36: 6 | H36: 30.4 | K36: Derrick White | L36: 31.59 | M36: 32.4 | N36: 44.6 | O36: 13.2 | P36: 10 | T36: Damian Lillard | U36: 2
A37: Cade Cunningham | B37: 24 | C37: 7 | D37: 11 | E37: 4 | F37: 2 | G37: 6 | H37: =sum(B37+1.2*C37+1.5*D37+2*E37+2*F37)-G37 -> 54.9 | K37: Mikal Bridges | L37: 30.854545 | M37: 32.3 | N37: 43.9 | O37: 17.9 | P37: 11 | T37: Christian Braun | U37: 2
A38: Cade Cunningham | B38: 24 | C38: 8 | D38: 8 | E38: 2 | F38: 1 | G38: 5 | H38: =sum(B38+1.2*C38+1.5*D38+2*E38+2*F38)-G38 -> 46.6 | K38: Myles Turner | L38: 30.211111 | M38: 28.9 | N38: 45.1 | O38: 10.6 | P38: 9 | T38: Cade Cunningham | U38: 2
A39: Chet Holmgren | B39: 19 | C39: 10 | D39: 2 | E39: 1 | F39: 2 | G39: 0 | H39: =sum(B39+1.2*C39+1.5*D39+2*E39+2*F39)-G39 -> 40 | K39: Jaren Jackson Jr. | L39: 29.466667 | M39: 33.2 | N39: 34.4 | O39: 20.8 | P39: 3 | T39: Buddy Hield | U39: 2
A40: Chet Holmgren | B40: 11 | C40: 2 | D40: 1 | E40: 2 | F40: 4 | G40: 1 | H40: =sum(B40+1.2*C40+1.5*D40+2*E40+2*F40)-G40 -> 25.9 | K40: Aaron Gordon | L40: 29.24 | M40: 26.7 | N40: 41.2 | O40: 18.5 | P40: 10 | T40: Bam Adebayo | U40: 2
A41: Chet Holmgren | B41: 20 | C41: 11 | D41: 0 | E41: 0 | F41: 5 | G41: 1 | H41: =sum(B41+1.2*C41+1.5*D41+2*E41+2*F41)-G41 -> 42.2 | K41: Ja Morant | L41: 28.9 | M41: 27.6 | N41: 35.4 | O41: 23.7 | P41: 3 | T41: Andrew Wiggins | U41: 2
A42: Chet Holmgren | B42: 24 | C42: 8 | D42: 0 | E42: 0 | F42: 0 | G42: 1 | H42: =sum(B42+1.2*C42+1.5*D42+2*E42+2*F42)-G42 -> 32.6 | K42: Rui Hachimura | L42: 28.8 | M42: 28.8 | N42: 28.8 | O42: 28.8 | P42: 1 | T42: Aaron Gordon | U42: 2
A43: Christian Braun | B43: 11 | C43: 12 | D43: 3 | E43: 2 | F43: 0 | G43: 0 | H43: =sum(B43+1.2*C43+1.5*D43+2*E43+2*F43)-G43 -> 33.9 | K43: Rudy Gobert | L43: 27.985714 | M43: 27.2 | N43: 59.8 | O43: 12.8 | P43: 7 | T43: Ty Jerome | U43: 1
A44: Damian Lillard | B44: 14 | C44: 3 | D44: 7 | E44: 0 | F44: 0 | G44: 2 | H44: =sum(B44+1.2*C44+1.5*D44+2*E44+2*F44)-G44 -> 26.1 | K44: Andrew Nembhard | L44: 27.383333 | M44: 28.15 | N44: 36.9 | O44: 16.7 | P44: 6 | T44: That Pod Guy | U44: 1
A45: Damian Lillard | B45: 0 | C45: 2 | D45: 2 | E45: 0 | F45: 0 | G45: 0 | H45: =sum(B45+1.2*C45+1.5*D45+2*E45+2*F45)-G45 -> 5.4 | K45: Jarrett Allen | L45: 26.857143 | M45: 22.5 | N45: 43.4 | O45: 5.9 | P45: 7 | T45: Payton Pritchard | U45: 1
A46: Damian Lillard | B46: 7 | C46: 3 | D46: 5 | E46: 2 | F46: 2 | G46: 1 | H46: =sum(B46+1.2*C46+1.5*D46+2*E46+2*F46)-G46 -> 25.1 | K46: Aaron Nesmith | L46: 26.84 | M46: 22.2 | N46: 37.3 | O46: 18.2 | P46: 5 | T46: Pascal Siakam | U46: 1
A47: Darius Garland | B47: 21 | C47: 2 | D47: 9 | E47: 0 | F47: 0 | G47: 1 | H47: =sum(B47+1.2*C47+1.5*D47+2*E47+2*F47)-G47 -> 35.9 | K47: Isaiah Hartenstein | L47: 26.828571 | M47: 29.4 | N47: 35.1 | O47: 14.2 | P47: 7 | T47: Norman Powell | U47: 1
A48: Darius Garland | B48: 27 | C48: 3 | D48: 5 | E48: 1 | F48: 0 | G48: 2 | H48: =sum(B48+1.2*C48+1.5*D48+2*E48+2*F48)-G48 -> 38.1 | K48: Darius Garland | L48: 26.24 | M48: 30.2 | N48: 38.1 | O48: 11.7 | P48: 5 | T48: Nikola Jokic | U48: 1
... A66: Draymond Green | B66: 7 | C66: 1 | D66: 1 | E66: 2 | F66: 0 | G66: 2 | H66: =sum(B66+1.2*C66+1.5*D66+2*E66+2*F66)-G66 -> 11.7 | K66: Buddy Hield | L66: 19.75 | M66: 16.8 | N66: 40.1 | O66: 2.6 | P66: 6 | T66: Aaron Nesmith | U66: 1
A67: Evan Mobley | B67: 9 | C67: 7 | D67: 1 | E67: 0 | F67: 0 | G67: 1 | H67: =sum(B67+1.2*C67+1.5*D67+2*E67+2*F67)-G67 -> 17.9 | K67: Ty Jerome | L67: 19.64 | M67: 13 | N67: 37.6 | O67: 6.9 | P67: 5
A68: Evan Mobley | B68: 19 | C68: 6 | D68: 3 | E68: 1 | F68: 1 | G68: 2 | H68: =sum(B68+1.2*C68+1.5*D68+2*E68+2*F68)-G68 -> 32.7 | K68: Jrue Holiday | L68: 19.616667 | M68: 17.25 | N68: 28.7 | O68: 13.3 | P68: 6
A69: Evan Mobley | B69: 17 | C69: 7 | D69: 1 | E69: 1 | F69: 2 | G69: 0 | H69: =sum(B69+1.2*C69+1.5*D69+2*E69+2*F69)-G69 -> 32.9 | K69: Nickeil Alexander-Walker | L69: 19.4 | M69: 19.4 | N69: 19.4 | O69: 19.4 | P69: 1
A70: Evan Mobley | B70: 20 | C70: 6 | D70: 1 | E70: 1 | F70: 0 | G70: 2 | H70: =sum(B70+1.2*C70+1.5*D70+2*E70+2*F70)-G70 -> 28.7 | K70: Damian Lillard | L70: 18.866667 | M70: 25.1 | N70: 26.1 | O70: 5.4 | P70: 3
A71: Franz Wagner | B71: 24 | C71: 6 | D71: 7 | E71: 0 | F71: 0 | G71: 2 | H71: =sum(B71+1.2*C71+1.5*D71+2*E71+2*F71)-G71 -> 39.7 | K71: Jonathan Kuminga | L71: 18.7 | M71: 24.5 | N71: 31.6 | O71: 0 | P71: 3
A72: Franz Wagner | B72: 25 | C72: 4 | D72: 4 | E72: 1 | F72: 0 | G72: 0 | H72: =sum(B72+1.2*C72+1.5*D72+2*E72+2*F72)-G72 -> 37.8 | K72: Dillon Brooks | L72: 18.533333 | M72: 20.2 | N72: 27.2 | O72: 8.2 | P72: 3
A73: Franz Wagner | B73: 32 | C73: 7 | D73: 8 | E73: 2 | F73: 0 | G73: 1 | H73: =sum(B73+1.2*C73+1.5*D73+2*E73+2*F73)-G73 -> 55.4 | K73: Andrew Wiggins | L73: 18.1 | M73: 18.1 | N73: 19.7 | O73: 16.5 | P73: 2
A74: Franz Wagner | B74: 25 | C74: 4 | D74: 4 | E74: 2 | F74: 0 | G74: 2 | H74: =sum(B74+1.2*C74+1.5*D74+2*E74+2*F74)-G74 -> 37.8 | K74: Obi Toppin | L74: 18 | M74: 18 | N74: 18 | O74: 18 | P74: 1
A75: Franz Wagner | B75: 23 | C75: 3 | D75: 5 | E75: 1 | F75: 2 | G75: 5 | H75: =sum(B75+1.2*C75+1.5*D75+2*E75+2*F75)-G75 -> 35.1 | K75: Michael Porter Jr. | L75: 17.6875 | M75: 15.4 | N75: 33.5 | O75: 9.8 | P75: 8
A76: Fred VanVleet | B76: 25 | C76: 2 | D76: 6 | E76: 0 | F76: 0 | G76: 2 | H76: =sum(B76+1.2*C76+1.5*D76+2*E76+2*F76)-G76 -> 34.4 | K76: Naz Reid | L76: 17.52 | M76: 15.9 | N76: 26.5 | O76: 13.4 | P76: 5
A77: Fred VanVleet | B77: 7 | C77: 6 | D77: 2 | E77: 3 | F77: 1 | G77: 0 | H77: =sum(B77+1.2*C77+1.5*D77+2*E77+2*F77)-G77 -> 25.2 | K77: Donte DiVincenzo | L77: 17.425 | M77: 18.45 | N77: 31.4 | O77: 1.4 | P77: 4
A78: Fred VanVleet | B78: 26 | C78: 1 | D78: 2 | E78: 0 | F78: 1 | G78: 1 | H78: =sum(B78+1.2*C78+1.5*D78+2*E78+2*F78)-G78 -> 31.2 | K78: Al Horford | L78: 16.4 | M78: 15.8 | N78: 22 | O78: 11.4 | P78: 3
... A80: Giannis Antetekoumpo | B80: 34 | C80: 18 | D80: 7 | E80: 0 | F80: 1 | G80: 4 | H80: =sum(B80+1.2*C80+1.5*D80+2*E80+2*F80)-G80 -> 64.1 | K80: Jabari Smith Jr | L80: 13.9 | M80: 13.9 | N80: 13.9 | O80: 13.9 | P80: 1
A81: Giannis Antetekoumpo | B81: 36 | C81: 12 | D81: 1 | E81: 1 | F81: 2 | G81: 5 | H81: 52.9 | K81: Malik Beasley | L81: 13.8 | M81: 13.8 | N81: 15.9 | O81: 11.7 | P81: 2
A82: Giannis Antetekoumpo | B82: 28 | C82: 15 | D82: 6 | E82: 1 | F82: 0 | G82: 2 | H82: =sum(B82+1.2*C82+1.5*D82+2*E82+2*F82)-G82 -> 55 | K82: Luke Kornet | L82: 12.5 | M82: 12.5 | N82: 12.5 | O82: 12.5 | P82: 1
A83: Giannis Antetekoumpo | B83: 30 | C83: 20 | D83: 13 | E83: 2 | F83: 2 | G83: 7 | H83: =sum(B83+1.2*C83+1.5*D83+2*E83+2*F83)-G83 -> 74.5 | K83: Davion Mitchell | L83: 12.5 | M83: 12.5 | N83: 12.5 | O83: 12.5 | P83: 1
A84: Isaiah Hartenstein | B84: 6 | C84: 10 | D84: 3 | E84: 0 | F84: 1 | G84: 2 | H84: =sum(B84+1.2*C84+1.5*D84+2*E84+2*F84)-G84 -> 22.5 | K84: Derrik Jones Jr. | L84: 7.4 | M84: 7.4 | N84: 7.4 | O84: 7.4 | P84: 1
A85: Ivica Zubac | B85: 21 | C85: 13 | D85: 2 | E85: 1 | F85: 0 | G85: 2 | H85: 39.6 | K85: Tim Hardaway Jr | L85: 7.1 | M85: 7.1 | N85: 12.5 | O85: 1.7 | P85: 2
A86: Ivica Zubac | B86: 16 | C86: 12 | D86: 4 | E86: 1 | F86: 0 | G86: 2 | H86: =sum(B86+1.2*C86+1.5*D86+2*E86+2*F86)-G86 -> 36.4
A87: Ivica Zubac | B87: 19 | C87: 9 | D87: 1 | E87: 0 | F87: 1 | G87: 2 | H87: =sum(B87+1.2*C87+1.5*D87+2*E87+2*F87)-G87 -> 31.3
A88: Ivica Zubac | B88: 19 | C88: 12 | D88: 6 | E88: 1 | F88: 1 | G88: 0 | H88: =sum(B88+1.2*C88+1.5*D88+2*E88+2*F88)-G88 -> 46.4
A89: Ivica Zubac | B89: 27 | C89: 5 | D89: 1 | E89: 0 | F89: 2 | G89: 1 | H89: =sum(B89+1.2*C89+1.5*D89+2*E89+2*F89)-G89 -> 37.5
A90: Ja Morant | B90: 17 | C90: 3 | D90: 4 | E90: 0 | F90: 1 | G90: 1 | H90: =sum(B90+1.2*C90+1.5*D90+2*E90+2*F90)-G90 -> 27.6
A91: Ja Morant | B91: 23 | C91: 2 | D91: 6 | E91: 2 | F91: 1 | G91: 5 | H91: =sum(B91+1.2*C91+1.5*D91+2*E91+2*F91)-G91 -> 35.4 | K91: Player List | L91: Position: Forward | N91: Player List | O91: Position: Guard
A92: Ja Morant | B92: 15 | C92: 1 | D92: 5 | E92: 0 | F92: 0 | G92: 0 | H92: =sum(B92+1.2*C92+1.5*D92+2*E92+2*F92)-G92 -> 23.7 | K92: Giannis Antetekoumpo | L92: f | N92: Anthony Edwards | O92: g
A93: Jabari Smith Jr | B93: 6 | C93: 2 | D93: 3 | E93: 0 | F93: 1 | G93: 1 | H93: =sum(B93+1.2*C93+1.5*D93+2*E93+2*F93)-G93 -> 13.9 | K93: Nikola Jokic | L93: f | N93: Cade Cunningham | O93: g
A94: Jaden McDaniels | B94: 8 | C94: 4 | D94: 1 | E94: 0 | F94: 1 | G94: 1 | H94: =sum(B94+1.2*C94+1.5*D94+2*E94+2*F94)-G94 -> 15.3 | K94: Jayson Tatum | L94: f | N94: Luka Doncic | O94: g
A95: Jaden McDaniels | B95: 8 | C95: 3 | D95: 0 | E95: 1 | F95: 0 | G95: 0 | H95: =sum(B95+1.2*C95+1.5*D95+2*E95+2*F95)-G95 -> 13.6 | K95: LeBron James | L95: f | N95: Jalen Brunson | O95: g
A96: Jalen Brunson | B96: 34 | C96: 2 | D96: 8 | E96: 0 | F96: 0 | G96: 1 | H96: 47.4 | K96: Paolo Banchero | L96: f | N96: Shai Gilgeous-Alexander | O96: g
A97: Jalen Brunson | B97: 37 | C97: 3 | D97: 7 | E97: 2 | F97: 0 | G97: 6 | H97: =sum(B97+1.2*C97+1.5*D97+2*E97+2*F97)-G97 -> 49.1 | K97: Alperun Sengun | L97: f | N97: Tyrese Haliburton | O97: g
A98: Jalen Brunson | B98: 30 | C98: 7 | D98: 9 | E98: 0 | F98: 1 | G98: 1 | H98: =sum(B98+1.2*C98+1.5*D98+2*E98+2*F98)-G98 -> 52.9 | K98: Kawhi Leonard | L98: f | N98: Brandin Podziemski | O98: g
A99: Jalen Brunson | B99: 32 | C99: 5 | D99: 11 | E99: 0 | F99: 1 | G99: 2 | H99: =sum(B99+1.2*C99+1.5*D99+2*E99+2*F99)-G99 -> 54.5 | K99: Franz Wagner | L99: f | N99: Jamal Murray | O99: g
A100: Jalen Brunson | B100: 16 | C100: 3 | D100: 7 | E100: 0 | F100: 0 | G100: 4 | H100: =sum(B100+1.2*C100+1.5*D100+2*E100+2*F100)-G100 -> 26.1 | K100: Jalen Williams | L100: f | N100: James Harden | O100: g
A101: Jalen Duren | B101: 9 | C101: 14 | D101: 6 | E101: 0 | F101: 2 | G101: 1 | H101: =sum(B101+1.2*C101+1.5*D101+2*E101+2*F101)-G101 -> 37.8 | K101: Karl-Anthony Towns | L101: f | N101: Stephen Curry | O101: g
A102: Jalen Duren | B102: 7 | C102: 6 | D102: 3 | E102: 1 | F102: 3 | G102: 1 | H102: 25.7 | K102: Rudy Gobert | L102: f | N102: Darius Garland | O102: g
A103: Jalen Duren | B103: 12 | C103: 13 | D103: 2 | E103: 1 | F103: 3 | G103: 2 | H103: =sum(B103+1.2*C103+1.5*D103+2*E103+2*F103)-G103 -> 36.6 | K103: Ivica Zubac | L103: f | N103: Donovan Mitchell | O103: g
A104: Jalen Duren | B104: 16 | C104: 8 | D104: 3 | E104: 0 | F104: 0 | G104: 1 | H104: =sum(B104+1.2*C104+1.5*D104+2*E104+2*F104)-G104 -> 29.1 | K104: Bam Adebayo | L104: f | N104: Christian Braun | O104: g
A105: Jalen Duren | B105: 6 | C105: 17 | D105: 4 | E105: 0 | F105: 2 | G105: 3 | H105: =sum(B105+1.2*C105+1.5*D105+2*E105+2*F105)-G105 -> 33.4 | K105: Josh Hart | L105: f | N105: Fred VanVleet | O105: g
A106: Jalen Green | B106: 7 | C106: 8 | D106: 2 | E106: 0 | F106: 0 | G106: 1 | H106: =sum(B106+1.2*C106+1.5*D106+2*E106+2*F106)-G106 -> 18.6 | K106: Jaylen Brown | L106: f | N106: Derrick White | O106: g
A107: Jalen Green | B107: 38 | C107: 4 | D107: 6 | E107: 3 | F107: 0 | G107: 2 | H107: =sum(B107+1.2*C107+1.5*D107+2*E107+2*F107)-G107 -> 55.8 | K107: Chet Holmgren | L107: f | N107: Mikal Bridges | O107: g
A108: Jalen Green | B108: 8 | C108: 3 | D108: 1 | E108: 0 | F108: 0 | G108: 5 | H108: =sum(B108+1.2*C108+1.5*D108+2*E108+2*F108)-G108 -> 8.1 | K108: Julius Randle | L108: f | N108: Ja Morant | O108: g
A109: Jalen Green | B109: 11 | C109: 8 | D109: 2 | E109: 0 | F109: 0 | G109: 0 | H109: =sum(B109+1.2*C109+1.5*D109+2*E109+2*F109)-G109 -> 23.6 | K109: Michael Porter Jr. | L109: f | N109: Jalen Green | O109: g
A110: Jalen Williams | B110: 20 | C110: 5 | D110: 6 | E110: 3 | F110: 1 | G110: 2 | H110: =sum(B110+1.2*C110+1.5*D110+2*E110+2*F110)-G110 -> 41 | K110: Jarrett Allen | L110: f | N110: Tyler Herro | O110: g
A111: Jalen Williams | B111: 24 | C111: 6 | D111: 5 | E111: 1 | F111: 0 | G111: 1 | H111: =sum(B111+1.2*C111+1.5*D111+2*E111+2*F111)-G111 -> 39.7 | K111: Jalen Duren | L111: f | N111: Austin Reaves | O111: g
A112: Jalen Williams | B112: 26 | C112: 6 | D112: 5 | E112: 2 | F112: 1 | G112: 2 | H112: =sum(B112+1.2*C112+1.5*D112+2*E112+2*F112)-G112 -> 44.7 | K112: Pascal Siakam | L112: f | N112: Donte DiVincenzo | O112: g
A113: Jalen Williams | B113: 23 | C113: 4 | D113: 5 | E113: 0 | F113: 0 | G113: 1 | H113: =sum(B113+1.2*C113+1.5*D113+2*E113+2*F113)-G113 -> 34.3 | K113: Amen Thompson | L113: f | N113: Ty Jerome | O113: g
A114: Jamal Murray | B114: 21 | C114: 9 | D114: 7 | E114: 1 | F114: 0 | G114: 3 | H114: 41.3 | K114: Jimmy Butler | L114: f | N114: Russell Westbrook | O114: g
A115: Jamal Murray | B115: 23 | C115: 2 | D115: 6 | E115: 1 | F115: 1 | G115: 4 | H115: =sum(B115+1.2*C115+1.5*D115+2*E115+2*F115)-G115 -> 34.4 | K115: Jaren Jackson Jr. | L115: f | N115: Damian Lillard | O115: g
A116: Jamal Murray | B116: 23 | C116: 0 | D116: 4 | E116: 1 | F116: 0 | G116: 3 | H116: =sum(B116+1.2*C116+1.5*D116+2*E116+2*F116)-G116 -> 28 | K116: Rui Hachimura | L116: f | N116: Andrew Nembhard | O116: g
A117: Jamal Murray | B117: 13 | C117: 7 | D117: 7 | E117: 2 | F117: 0 | G117: 3 | H117: =sum(B117+1.2*C117+1.5*D117+2*E117+2*F117)-G117 -> 32.9 | K117: Myles Turner | L117: f | N117: Malik Beasley | O117: g
A118: Jamal Murray | B118: 43 | C118: 5 | D118: 7 | E118: 3 | F118: 1 | G118: 1 | H118: =sum(B118+1.2*C118+1.5*D118+2*E118+2*F118)-G118 -> 66.5 | K118: Evan Mobley | L118: f | N118: Davion Mitchell | O118: g
...

Sheet Daily_Template
A1: Start Date | C1: Update Stats | E1: Last Update | K1: Completed Games | M1: In Progress
A2: End Date | C2: Create Today Tab | E2: Status | K2: Andy | M2: 0/5
K3: Josh | M3: 0/5
A4: Andy | I4: =I11 -> 0 | K4: Jon | M4: 0/5
A5: Position | B5: Player | C5: Points (1) | D5: Rebounds (1.2) | E5: Assists (1.5) | F5: Steals (2) | G5: Blocks (2) | H5: Turnovers (-1) | I5: Total | K5: Mark | M5: 0/5
A6: G | C6: =IF($B6="","",SUMIFS(Raw_Stats!$C:$C,Raw_Stats!$A:$A,">="&$B$1,Raw_Stats!$A:$A,"<="&$B$2,Raw_Stats!$B:$B,$B6)) | D6: =IF($B6="","",SUMIFS(Raw_Stats!$D:$D,Raw_Stats!$A:$A,">="&$B$1,Raw_Stats!$A:$A,"<="&$B$2,Raw_Stats!$B:$B,$B6)) | E6: =IF($B6="","",SUMIFS(Raw_Stats!$E:$E,Raw_Stats!$A:$A,">="&$B$1,Raw_Stats!$A:$A,"<="&$B$2,Raw_Stats!$B:$B,$B6)) | F6: =IF($B6="","",SUMIFS(Raw_Stats!$F:$F,Raw_Stats!$A:$A,">="&$B$1,Raw_Stats!$A:$A,"<="&$B$2,Raw_Stats!$B:$B,$B6)) | G6: =IF($B6="","",SUMIFS(Raw_Stats!$G:$G,Raw_Stats!$A:$A,">="&$B$1,Raw_Stats!$A:$A,"<="&$B$2,Raw_Stats!$B:$B,$B6)) | H6: =IF($B6="","",SUMIFS(Raw_Stats!$H:$H,Raw_Stats!$A:$A,">="&$B$1,Raw_Stats!$A:$A,"<="&$B$2,Raw_Stats!$B:$B,$B6)) | I6: =sum(C6+1.2*D6+1.5*E6+2*F6+2*G6)-H6 -> 0
A7: G | C7: =IF($B7="","",SUMIFS(Raw_Stats!$C:$C,Raw_Stats!$A:$A,">="&$B$1,Raw_Stats!$A:$A,"<="&$B$2,Raw_Stats!$B:$B,$B7)) | D7: =IF($B7="","",SUMIFS(Raw_Stats!$D:$D,Raw_Stats!$A:$A,">="&$B$1,Raw_Stats!$A:$A,"<="&$B$2,Raw_Stats!$B:$B,$B7)) | E7: =IF($B7="","",SUMIFS(Raw_Stats!$E:$E,Raw_Stats!$A:$A,">="&$B$1,Raw_Stats!$A:$A,"<="&$B$2,Raw_Stats!$B:$B,$B7)) | F7: =IF($B7="","",SUMIFS(Raw_Stats!$F:$F,Raw_Stats!$A:$A,">="&$B$1,Raw_Stats!$A:$A,"<="&$B$2,Raw_Stats!$B:$B,$B7)) | G7: =IF($B7="","",SUMIFS(Raw_Stats!$G:$G,Raw_Stats!$A:$A,">="&$B$1,Raw_Stats!$A:$A,"<="&$B$2,Raw_Stats!$B:$B,$B7)) | H7: =IF($B7="","",SUMIFS(Raw_Stats!$H:$H,Raw_Stats!$A:$A,">="&$B$1,Raw_Stats!$A:$A,"<="&$B$2,Raw_Stats!$B:$B,$B7)) | I7: =sum(C7+1.2*D7+1.5*E7+2*F7+2*G7)-H7 -> 0
A8: F/C | C8: =IF($B8="","",SUMIFS(Raw_Stats!$C:$C,Raw_Stats!$A:$A,">="&$B$1,Raw_Stats!$A:$A,"<="&$B$2,Raw_Stats!$B:$B,$B8)) | D8: =IF($B8="","",SUMIFS(Raw_Stats!$D:$D,Raw_Stats!$A:$A,">="&$B$1,Raw_Stats!$A:$A,"<="&$B$2,Raw_Stats!$B:$B,$B8)) | E8: =IF($B8="","",SUMIFS(Raw_Stats!$E:$E,Raw_Stats!$A:$A,">="&$B$1,Raw_Stats!$A:$A,"<="&$B$2,Raw_Stats!$B:$B,$B8)) | F8: =IF($B8="","",SUMIFS(Raw_Stats!$F:$F,Raw_Stats!$A:$A,">="&$B$1,Raw_Stats!$A:$A,"<="&$B$2,Raw_Stats!$B:$B,$B8)) | G8: =IF($B8="","",SUMIFS(Raw_Stats!$G:$G,Raw_Stats!$A:$A,">="&$B$1,Raw_Stats!$A:$A,"<="&$B$2,Raw_Stats!$B:$B,$B8)) | H8: =IF($B8="","",SUMIFS(Raw_Stats!$H:$H,Raw_Stats!$A:$A,">="&$B$1,Raw_Stats!$A:$A,"<="&$B$2,Raw_Stats!$B:$B,$B8)) | I8: =sum(C8+1.2*D8+1.5*E8+2*F8+2*G8)-H8 -> 0
A9: F/C | C9: =IF($B9="","",SUMIFS(Raw_Stats!$C:$C,Raw_Stats!$A:$A,">="&$B$1,Raw_Stats!$A:$A,"<="&$B$2,Raw_Stats!$B:$B,$B9)) | D9: =IF($B9="","",SUMIFS(Raw_Stats!$D:$D,Raw_Stats!$A:$A,">="&$B$1,Raw_Stats!$A:$A,"<="&$B$2,Raw_Stats!$B:$B,$B9)) | E9: =IF($B9="","",SUMIFS(Raw_Stats!$E:$E,Raw_Stats!$A:$A,">="&$B$1,Raw_Stats!$A:$A,"<="&$B$2,Raw_Stats!$B:$B,$B9)) | F9: =IF($B9="","",SUMIFS(Raw_Stats!$F:$F,Raw_Stats!$A:$A,">="&$B$1,Raw_Stats!$A:$A,"<="&$B$2,Raw_Stats!$B:$B,$B9)) | G9: =IF($B9="","",SUMIFS(Raw_Stats!$G:$G,Raw_Stats!$A:$A,">="&$B$1,Raw_Stats!$A:$A,"<="&$B$2,Raw_Stats!$B:$B,$B9)) | H9: =IF($B9="","",SUMIFS(Raw_Stats!$H:$H,Raw_Stats!$A:$A,">="&$B$1,Raw_Stats!$A:$A,"<="&$B$2,Raw_Stats!$B:$B,$B9)) | I9: =sum(C9+1.2*D9+1.5*E9+2*F9+2*G9)-H9 -> 0
A10: F/C | C10: =IF($B10="","",SUMIFS(Raw_Stats!$C:$C,Raw_Stats!$A:$A,">="&$B$1,Raw_Stats!$A:$A,"<="&$B$2,Raw_Stats!$B:$B,$B10)) | D10: =IF($B10="","",SUMIFS(Raw_Stats!$D:$D,Raw_Stats!$A:$A,">="&$B$1,Raw_Stats!$A:$A,"<="&$B$2,Raw_Stats!$B:$B,$B10)) | E10: =IF($B10="","",SUMIFS(Raw_Stats!$E:$E,Raw_Stats!$A:$A,">="&$B$1,Raw_Stats!$A:$A,"<="&$B$2,Raw_Stats!$B:$B,$B10)) | F10: =IF($B10="","",SUMIFS(Raw_Stats!$F:$F,Raw_Stats!$A:$A,">="&$B$1,Raw_Stats!$A:$A,"<="&$B$2,Raw_Stats!$B:$B,$B10)) | G10: =IF($B10="","",SUMIFS(Raw_Stats!$G:$G,Raw_Stats!$A:$A,">="&$B$1,Raw_Stats!$A:$A,"<="&$B$2,Raw_Stats!$B:$B,$B10)) | H10: =IF($B10="","",SUMIFS(Raw_Stats!$H:$H,Raw_Stats!$A:$A,">="&$B$1,Raw_Stats!$A:$A,"<="&$B$2,Raw_Stats!$B:$B,$B10)) | I10: =sum(C10+1.2*D10+1.5*E10+2*F10+2*G10)-H10 -> 0
B11: Totals | C11: =SUM(C6:C10) -> 0 | D11: =SUM(D6:D10)*1.2 -> 0 | E11: =SUM(E6:E10)*1.5 -> 0 | F11: =SUM(F6:F10)*2 -> 0 | G11: =SUM(G6:G10)*2 -> 0 | H11: =SUM(H6:H10) *-1 -> 0 | I11: =SUM(C11:H11) -> 0
A13: Jon | I13: =I20 -> 0
A14: Position | B14: Player | C14: Points (1) | D14: Rebounds (1.2) | E14: Assists (1.5) | F14: Steals (2) | G14: Blocks (2) | H14: Turnovers (-1) | I14: Total
A15: G | C15: =IF($B15="","",SUMIFS(Raw_Stats!$C:$C,Raw_Stats!$A:$A,">="&$B$1,Raw_Stats!$A:$A,"<="&$B$2,Raw_Stats!$B:$B,$B15)) | D15: =IF($B15="","",SUMIFS(Raw_Stats!$D:$D,Raw_Stats!$A:$A,">="&$B$1,Raw_Stats!$A:$A,"<="&$B$2,Raw_Stats!$B:$B,$B15)) | E15: =IF($B15="","",SUMIFS(Raw_Stats!$E:$E,Raw_Stats!$A:$A,">="&$B$1,Raw_Stats!$A:$A,"<="&$B$2,Raw_Stats!$B:$B,$B15)) | F15: =IF($B15="","",SUMIFS(Raw_Stats!$F:$F,Raw_Stats!$A:$A,">="&$B$1,Raw_Stats!$A:$A,"<="&$B$2,Raw_Stats!$B:$B,$B15)) | G15: =IF($B15="","",SUMIFS(Raw_Stats!$G:$G,Raw_Stats!$A:$A,">="&$B$1,Raw_Stats!$A:$A,"<="&$B$2,Raw_Stats!$B:$B,$B15)) | H15: =IF($B15="","",SUMIFS(Raw_Stats!$H:$H,Raw_Stats!$A:$A,">="&$B$1,Raw_Stats!$A:$A,"<="&$B$2,Raw_Stats!$B:$B,$B15)) | I15: =sum(C15+1.2*D15+1.5*E15+2*F15+2*G15)-H15 -> 0
A16: G | C16: =IF($B16="","",SUMIFS(Raw_Stats!$C:$C,Raw_Stats!$A:$A,">="&$B$1,Raw_Stats!$A:$A,"<="&$B$2,Raw_Stats!$B:$B,$B16)) | D16: =IF($B16="","",SUMIFS(Raw_Stats!$D:$D,Raw_Stats!$A:$A,">="&$B$1,Raw_Stats!$A:$A,"<="&$B$2,Raw_Stats!$B:$B,$B16)) | E16: =IF($B16="","",SUMIFS(Raw_Stats!$E:$E,Raw_Stats!$A:$A,">="&$B$1,Raw_Stats!$A:$A,"<="&$B$2,Raw_Stats!$B:$B,$B16)) | F16: =IF($B16="","",SUMIFS(Raw_Stats!$F:$F,Raw_Stats!$A:$A,">="&$B$1,Raw_Stats!$A:$A,"<="&$B$2,Raw_Stats!$B:$B,$B16)) | G16: =IF($B16="","",SUMIFS(Raw_Stats!$G:$G,Raw_Stats!$A:$A,">="&$B$1,Raw_Stats!$A:$A,"<="&$B$2,Raw_Stats!$B:$B,$B16)) | H16: =IF($B16="","",SUMIFS(Raw_Stats!$H:$H,Raw_Stats!$A:$A,">="&$B$1,Raw_Stats!$A:$A,"<="&$B$2,Raw_Stats!$B:$B,$B16)) | I16: =sum(C16+1.2*D16+1.5*E16+2*F16+2*G16)-H16 -> 0
A17: F/C | C17: =IF($B17="","",SUMIFS(Raw_Stats!$C:$C,Raw_Stats!$A:$A,">="&$B$1,Raw_Stats!$A:$A,"<="&$B$2,Raw_Stats!$B:$B,$B17)) | D17: =IF($B17="","",SUMIFS(Raw_Stats!$D:$D,Raw_Stats!$A:$A,">="&$B$1,Raw_Stats!$A:$A,"<="&$B$2,Raw_Stats!$B:$B,$B17)) | E17: =IF($B17="","",SUMIFS(Raw_Stats!$E:$E,Raw_Stats!$A:$A,">="&$B$1,Raw_Stats!$A:$A,"<="&$B$2,Raw_Stats!$B:$B,$B17)) | F17: =IF($B17="","",SUMIFS(Raw_Stats!$F:$F,Raw_Stats!$A:$A,">="&$B$1,Raw_Stats!$A:$A,"<="&$B$2,Raw_Stats!$B:$B,$B17)) | G17: =IF($B17="","",SUMIFS(Raw_Stats!$G:$G,Raw_Stats!$A:$A,">="&$B$1,Raw_Stats!$A:$A,"<="&$B$2,Raw_Stats!$B:$B,$B17)) | H17: =IF($B17="","",SUMIFS(Raw_Stats!$H:$H,Raw_Stats!$A:$A,">="&$B$1,Raw_Stats!$A:$A,"<="&$B$2,Raw_Stats!$B:$B,$B17)) | I17: =sum(C17+1.2*D17+1.5*E17+2*F17+2*G17)-H17 -> 0
A18: F/C | C18: =IF($B18="","",SUMIFS(Raw_Stats!$C:$C,Raw_Stats!$A:$A,">="&$B$1,Raw_Stats!$A:$A,"<="&$B$2,Raw_Stats!$B:$B,$B18)) | D18: =IF($B18="","",SUMIFS(Raw_Stats!$D:$D,Raw_Stats!$A:$A,">="&$B$1,Raw_Stats!$A:$A,"<="&$B$2,Raw_Stats!$B:$B,$B18)) | E18: =IF($B18="","",SUMIFS(Raw_Stats!$E:$E,Raw_Stats!$A:$A,">="&$B$1,Raw_Stats!$A:$A,"<="&$B$2,Raw_Stats!$B:$B,$B18)) | F18: =IF($B18="","",SUMIFS(Raw_Stats!$F:$F,Raw_Stats!$A:$A,">="&$B$1,Raw_Stats!$A:$A,"<="&$B$2,Raw_Stats!$B:$B,$B18)) | G18: =IF($B18="","",SUMIFS(Raw_Stats!$G:$G,Raw_Stats!$A:$A,">="&$B$1,Raw_Stats!$A:$A,"<="&$B$2,Raw_Stats!$B:$B,$B18)) | H18: =IF($B18="","",SUMIFS(Raw_Stats!$H:$H,Raw_Stats!$A:$A,">="&$B$1,Raw_Stats!$A:$A,"<="&$B$2,Raw_Stats!$B:$B,$B18)) | I18: =sum(C18+1.2*D18+1.5*E18+2*F18+2*G18)-H18 -> 0
A19: F/C | C19: =IF($B19="","",SUMIFS(Raw_Stats!$C:$C,Raw_Stats!$A:$A,">="&$B$1,Raw_Stats!$A:$A,"<="&$B$2,Raw_Stats!$B:$B,$B19)) | D19: =IF($B19="","",SUMIFS(Raw_Stats!$D:$D,Raw_Stats!$A:$A,">="&$B$1,Raw_Stats!$A:$A,"<="&$B$2,Raw_Stats!$B:$B,$B19)) | E19: =IF($B19="","",SUMIFS(Raw_Stats!$E:$E,Raw_Stats!$A:$A,">="&$B$1,Raw_Stats!$A:$A,"<="&$B$2,Raw_Stats!$B:$B,$B19)) | F19: =IF($B19="","",SUMIFS(Raw_Stats!$F:$F,Raw_Stats!$A:$A,">="&$B$1,Raw_Stats!$A:$A,"<="&$B$2,Raw_Stats!$B:$B,$B19)) | G19: =IF($B19="","",SUMIFS(Raw_Stats!$G:$G,Raw_Stats!$A:$A,">="&$B$1,Raw_Stats!$A:$A,"<="&$B$2,Raw_Stats!$B:$B,$B19)) | H19: =IF($B19="","",SUMIFS(Raw_Stats!$H:$H,Raw_Stats!$A:$A,">="&$B$1,Raw_Stats!$A:$A,"<="&$B$2,Raw_Stats!$B:$B,$B19)) | I19: =sum(C19+1.2*D19+1.5*E19+2*F19+2*G19)-H19 -> 0
B20: Totals | C20: =SUM(C15:C19) -> 0 | D20: =SUM(D15:D19)*1.2 -> 0 | E20: =SUM(E15:E19)*1.5 -> 0 | F20: =SUM(F15:F19)*2 -> 0 | G20: =SUM(G15:G19)*2 -> 0 | H20: =SUM(H15:H19) *-1 -> 0 | I20: =SUM(C20:H20) -> 0
A22: Mark | I22: =I29 -> 0
A23: Position | B23: Player | C23: Points (1) | D23: Rebounds (1.2) | E23: Assists (1.5) | F23: Steals (2) | G23: Blocks (2) | H23: Turnovers (-1) | I23: Total
A24: G | C24: =IF($B24="","",SUMIFS(Raw_Stats!$C:$C,Raw_Stats!$A:$A,">="&$B$1,Raw_Stats!$A:$A,"<="&$B$2,Raw_Stats!$B:$B,$B24)) | D24: =IF($B24="","",SUMIFS(Raw_Stats!$D:$D,Raw_Stats!$A:$A,">="&$B$1,Raw_Stats!$A:$A,"<="&$B$2,Raw_Stats!$B:$B,$B24)) | E24: =IF($B24="","",SUMIFS(Raw_Stats!$E:$E,Raw_Stats!$A:$A,">="&$B$1,Raw_Stats!$A:$A,"<="&$B$2,Raw_Stats!$B:$B,$B24)) | F24: =IF($B24="","",SUMIFS(Raw_Stats!$F:$F,Raw_Stats!$A:$A,">="&$B$1,Raw_Stats!$A:$A,"<="&$B$2,Raw_Stats!$B:$B,$B24)) | G24: =IF($B24="","",SUMIFS(Raw_Stats!$G:$G,Raw_Stats!$A:$A,">="&$B$1,Raw_Stats!$A:$A,"<="&$B$2,Raw_Stats!$B:$B,$B24)) | H24: =IF($B24="","",SUMIFS(Raw_Stats!$H:$H,Raw_Stats!$A:$A,">="&$B$1,Raw_Stats!$A:$A,"<="&$B$2,Raw_Stats!$B:$B,$B24)) | I24: =sum(C24+1.2*D24+1.5*E24+2*F24+2*G24)-H24 -> 0
A25: G | C25: =IF($B25="","",SUMIFS(Raw_Stats!$C:$C,Raw_Stats!$A:$A,">="&$B$1,Raw_Stats!$A:$A,"<="&$B$2,Raw_Stats!$B:$B,$B25)) | D25: =IF($B25="","",SUMIFS(Raw_Stats!$D:$D,Raw_Stats!$A:$A,">="&$B$1,Raw_Stats!$A:$A,"<="&$B$2,Raw_Stats!$B:$B,$B25)) | E25: =IF($B25="","",SUMIFS(Raw_Stats!$E:$E,Raw_Stats!$A:$A,">="&$B$1,Raw_Stats!$A:$A,"<="&$B$2,Raw_Stats!$B:$B,$B25)) | F25: =IF($B25="","",SUMIFS(Raw_Stats!$F:$F,Raw_Stats!$A:$A,">="&$B$1,Raw_Stats!$A:$A,"<="&$B$2,Raw_Stats!$B:$B,$B25)) | G25: =IF($B25="","",SUMIFS(Raw_Stats!$G:$G,Raw_Stats!$A:$A,">="&$B$1,Raw_Stats!$A:$A,"<="&$B$2,Raw_Stats!$B:$B,$B25)) | H25: =IF($B25="","",SUMIFS(Raw_Stats!$H:$H,Raw_Stats!$A:$A,">="&$B$1,Raw_Stats!$A:$A,"<="&$B$2,Raw_Stats!$B:$B,$B25)) | I25: =sum(C25+1.2*D25+1.5*E25+2*F25+2*G25)-H25 -> 0
A26: F/C | C26: =IF($B26="","",SUMIFS(Raw_Stats!$C:$C,Raw_Stats!$A:$A,">="&$B$1,Raw_Stats!$A:$A,"<="&$B$2,Raw_Stats!$B:$B,$B26)) | D26: =IF($B26="","",SUMIFS(Raw_Stats!$D:$D,Raw_Stats!$A:$A,">="&$B$1,Raw_Stats!$A:$A,"<="&$B$2,Raw_Stats!$B:$B,$B26)) | E26: =IF($B26="","",SUMIFS(Raw_Stats!$E:$E,Raw_Stats!$A:$A,">="&$B$1,Raw_Stats!$A:$A,"<="&$B$2,Raw_Stats!$B:$B,$B26)) | F26: =IF($B26="","",SUMIFS(Raw_Stats!$F:$F,Raw_Stats!$A:$A,">="&$B$1,Raw_Stats!$A:$A,"<="&$B$2,Raw_Stats!$B:$B,$B26)) | G26: =IF($B26="","",SUMIFS(Raw_Stats!$G:$G,Raw_Stats!$A:$A,">="&$B$1,Raw_Stats!$A:$A,"<="&$B$2,Raw_Stats!$B:$B,$B26)) | H26: =IF($B26="","",SUMIFS(Raw_Stats!$H:$H,Raw_Stats!$A:$A,">="&$B$1,Raw_Stats!$A:$A,"<="&$B$2,Raw_Stats!$B:$B,$B26)) | I26: =sum(C26+1.2*D26+1.5*E26+2*F26+2*G26)-H26 -> 0
A27: F/C | C27: =IF($B27="","",SUMIFS(Raw_Stats!$C:$C,Raw_Stats!$A:$A,">="&$B$1,Raw_Stats!$A:$A,"<="&$B$2,Raw_Stats!$B:$B,$B27)) | D27: =IF($B27="","",SUMIFS(Raw_Stats!$D:$D,Raw_Stats!$A:$A,">="&$B$1,Raw_Stats!$A:$A,"<="&$B$2,Raw_Stats!$B:$B,$B27)) | E27: =IF($B27="","",SUMIFS(Raw_Stats!$E:$E,Raw_Stats!$A:$A,">="&$B$1,Raw_Stats!$A:$A,"<="&$B$2,Raw_Stats!$B:$B,$B27)) | F27: =IF($B27="","",SUMIFS(Raw_Stats!$F:$F,Raw_Stats!$A:$A,">="&$B$1,Raw_Stats!$A:$A,"<="&$B$2,Raw_Stats!$B:$B,$B27)) | G27: =IF($B27="","",SUMIFS(Raw_Stats!$G:$G,Raw_Stats!$A:$A,">="&$B$1,Raw_Stats!$A:$A,"<="&$B$2,Raw_Stats!$B:$B,$B27)) | H27: =IF($B27="","",SUMIFS(Raw_Stats!$H:$H,Raw_Stats!$A:$A,">="&$B$1,Raw_Stats!$A:$A,"<="&$B$2,Raw_Stats!$B:$B,$B27)) | I27: =sum(C27+1.2*D27+1.5*E27+2*F27+2*G27)-H27 -> 0
A28: F/C | C28: =IF($B28="","",SUMIFS(Raw_Stats!$C:$C,Raw_Stats!$A:$A,">="&$B$1,Raw_Stats!$A:$A,"<="&$B$2,Raw_Stats!$B:$B,$B28)) | D28: =IF($B28="","",SUMIFS(Raw_Stats!$D:$D,Raw_Stats!$A:$A,">="&$B$1,Raw_Stats!$A:$A,"<="&$B$2,Raw_Stats!$B:$B,$B28)) | E28: =IF($B28="","",SUMIFS(Raw_Stats!$E:$E,Raw_Stats!$A:$A,">="&$B$1,Raw_Stats!$A:$A,"<="&$B$2,Raw_Stats!$B:$B,$B28)) | F28: =IF($B28="","",SUMIFS(Raw_Stats!$F:$F,Raw_Stats!$A:$A,">="&$B$1,Raw_Stats!$A:$A,"<="&$B$2,Raw_Stats!$B:$B,$B28)) | G28: =IF($B28="","",SUMIFS(Raw_Stats!$G:$G,Raw_Stats!$A:$A,">="&$B$1,Raw_Stats!$A:$A,"<="&$B$2,Raw_Stats!$B:$B,$B28)) | H28: =IF($B28="","",SUMIFS(Raw_Stats!$H:$H,Raw_Stats!$A:$A,">="&$B$1,Raw_Stats!$A:$A,"<="&$B$2,Raw_Stats!$B:$B,$B28)) | I28: =sum(C28+1.2*D28+1.5*E28+2*F28+2*G28)-H28 -> 0
B29: Totals | C29: =SUM(C24:C28) -> 0 | D29: =SUM(D24:D28)*1.2 -> 0 | E29: =SUM(E24:E28)*1.5 -> 0 | F29: =SUM(F24:F28)*2 -> 0 | G29: =SUM(G24:G28)*2 -> 0 | H29: =SUM(H24:H28) *-1 -> 0 | I29: =SUM(C29:H29) -> 0
A31: Josh | I31: =I38 -> 0
A32: Position | B32: Player | C32: Points (1) | D32: Rebounds (1.2) | E32: Assists (1.5) | F32: Steals (2) | G32: Blocks (2) | H32: Turnovers (-1) | I32: Total
A33: G | C33: =IF($B33="","",SUMIFS(Raw_Stats!$C:$C,Raw_Stats!$A:$A,">="&$B$1,Raw_Stats!$A:$A,"<="&$B$2,Raw_Stats!$B:$B,$B33)) | D33: =IF($B33="","",SUMIFS(Raw_Stats!$D:$D,Raw_Stats!$A:$A,">="&$B$1,Raw_Stats!$A:$A,"<="&$B$2,Raw_Stats!$B:$B,$B33)) | E33: =IF($B33="","",SUMIFS(Raw_Stats!$E:$E,Raw_Stats!$A:$A,">="&$B$1,Raw_Stats!$A:$A,"<="&$B$2,Raw_Stats!$B:$B,$B33)) | F33: =IF($B33="","",SUMIFS(Raw_Stats!$F:$F,Raw_Stats!$A:$A,">="&$B$1,Raw_Stats!$A:$A,"<="&$B$2,Raw_Stats!$B:$B,$B33)) | G33: =IF($B33="","",SUMIFS(Raw_Stats!$G:$G,Raw_Stats!$A:$A,">="&$B$1,Raw_Stats!$A:$A,"<="&$B$2,Raw_Stats!$B:$B,$B33)) | H33: =IF($B33="","",SUMIFS(Raw_Stats!$H:$H,Raw_Stats!$A:$A,">="&$B$1,Raw_Stats!$A:$A,"<="&$B$2,Raw_Stats!$B:$B,$B33)) | I33: =sum(C33+1.2*D33+1.5*E33+2*F33+2*G33)-H33 -> 0
A34: G | C34: =IF($B34="","",SUMIFS(Raw_Stats!$C:$C,Raw_Stats!$A:$A,">="&$B$1,Raw_Stats!$A:$A,"<="&$B$2,Raw_Stats!$B:$B,$B34)) | D34: =IF($B34="","",SUMIFS(Raw_Stats!$D:$D,Raw_Stats!$A:$A,">="&$B$1,Raw_Stats!$A:$A,"<="&$B$2,Raw_Stats!$B:$B,$B34)) | E34: =IF($B34="","",SUMIFS(Raw_Stats!$E:$E,Raw_Stats!$A:$A,">="&$B$1,Raw_Stats!$A:$A,"<="&$B$2,Raw_Stats!$B:$B,$B34)) | F34: =IF($B34="","",SUMIFS(Raw_Stats!$F:$F,Raw_Stats!$A:$A,">="&$B$1,Raw_Stats!$A:$A,"<="&$B$2,Raw_Stats!$B:$B,$B34)) | G34: =IF($B34="","",SUMIFS(Raw_Stats!$G:$G,Raw_Stats!$A:$A,">="&$B$1,Raw_Stats!$A:$A,"<="&$B$2,Raw_Stats!$B:$B,$B34)) | H34: =IF($B34="","",SUMIFS(Raw_Stats!$H:$H,Raw_Stats!$A:$A,">="&$B$1,Raw_Stats!$A:$A,"<="&$B$2,Raw_Stats!$B:$B,$B34)) | I34: =sum(C34+1.2*D34+1.5*E34+2*F34+2*G34)-H34 -> 0
A35: F/C | C35: =IF($B35="","",SUMIFS(Raw_Stats!$C:$C,Raw_Stats!$A:$A,">="&$B$1,Raw_Stats!$A:$A,"<="&$B$2,Raw_Stats!$B:$B,$B35)) | D35: =IF($B35="","",SUMIFS(Raw_Stats!$D:$D,Raw_Stats!$A:$A,">="&$B$1,Raw_Stats!$A:$A,"<="&$B$2,Raw_Stats!$B:$B,$B35)) | E35: =IF($B35="","",SUMIFS(Raw_Stats!$E:$E,Raw_Stats!$A:$A,">="&$B$1,Raw_Stats!$A:$A,"<="&$B$2,Raw_Stats!$B:$B,$B35)) | F35: =IF($B35="","",SUMIFS(Raw_Stats!$F:$F,Raw_Stats!$A:$A,">="&$B$1,Raw_Stats!$A:$A,"<="&$B$2,Raw_Stats!$B:$B,$B35)) | G35: =IF($B35="","",SUMIFS(Raw_Stats!$G:$G,Raw_Stats!$A:$A,">="&$B$1,Raw_Stats!$A:$A,"<="&$B$2,Raw_Stats!$B:$B,$B35)) | H35: =IF($B35="","",SUMIFS(Raw_Stats!$H:$H,Raw_Stats!$A:$A,">="&$B$1,Raw_Stats!$A:$A,"<="&$B$2,Raw_Stats!$B:$B,$B35)) | I35: =sum(C35+1.2*D35+1.5*E35+2*F35+2*G35)-H35 -> 0
A36: F/C | C36: =IF($B36="","",SUMIFS(Raw_Stats!$C:$C,Raw_Stats!$A:$A,">="&$B$1,Raw_Stats!$A:$A,"<="&$B$2,Raw_Stats!$B:$B,$B36)) | D36: =IF($B36="","",SUMIFS(Raw_Stats!$D:$D,Raw_Stats!$A:$A,">="&$B$1,Raw_Stats!$A:$A,"<="&$B$2,Raw_Stats!$B:$B,$B36)) | E36: =IF($B36="","",SUMIFS(Raw_Stats!$E:$E,Raw_Stats!$A:$A,">="&$B$1,Raw_Stats!$A:$A,"<="&$B$2,Raw_Stats!$B:$B,$B36)) | F36: =IF($B36="","",SUMIFS(Raw_Stats!$F:$F,Raw_Stats!$A:$A,">="&$B$1,Raw_Stats!$A:$A,"<="&$B$2,Raw_Stats!$B:$B,$B36)) | G36: =IF($B36="","",SUMIFS(Raw_Stats!$G:$G,Raw_Stats!$A:$A,">="&$B$1,Raw_Stats!$A:$A,"<="&$B$2,Raw_Stats!$B:$B,$B36)) | H36: =IF($B36="","",SUMIFS(Raw_Stats!$H:$H,Raw_Stats!$A:$A,">="&$B$1,Raw_Stats!$A:$A,"<="&$B$2,Raw_Stats!$B:$B,$B36)) | I36: =sum(C36+1.2*D36+1.5*E36+2*F36+2*G36)-H36 -> 0
A37: F/C | C37: =IF($B37="","",SUMIFS(Raw_Stats!$C:$C,Raw_Stats!$A:$A,">="&$B$1,Raw_Stats!$A:$A,"<="&$B$2,Raw_Stats!$B:$B,$B37)) | D37: =IF($B37="","",SUMIFS(Raw_Stats!$D:$D,Raw_Stats!$A:$A,">="&$B$1,Raw_Stats!$A:$A,"<="&$B$2,Raw_Stats!$B:$B,$B37)) | E37: =IF($B37="","",SUMIFS(Raw_Stats!$E:$E,Raw_Stats!$A:$A,">="&$B$1,Raw_Stats!$A:$A,"<="&$B$2,Raw_Stats!$B:$B,$B37)) | F37: =IF($B37="","",SUMIFS(Raw_Stats!$F:$F,Raw_Stats!$A:$A,">="&$B$1,Raw_Stats!$A:$A,"<="&$B$2,Raw_Stats!$B:$B,$B37)) | G37: =IF($B37="","",SUMIFS(Raw_Stats!$G:$G,Raw_Stats!$A:$A,">="&$B$1,Raw_Stats!$A:$A,"<="&$B$2,Raw_Stats!$B:$B,$B37)) | H37: =IF($B37="","",SUMIFS(Raw_Stats!$H:$H,Raw_Stats!$A:$A,">="&$B$1,Raw_Stats!$A:$A,"<="&$B$2,Raw_Stats!$B:$B,$B37)) | I37: =sum(C37+1.2*D37+1.5*E37+2*F37+2*G37)-H37 -> 0
B38: Totals | C38: =SUM(C33:C37) -> 0 | D38: =SUM(D33:D37)*1.2 -> 0 | E38: =SUM(E33:E37)*1.5 -> 0 | F38: =SUM(F33:F37)*2 -> 0 | G38: =SUM(G33:G37)*2 -> 0 | H38: =SUM(H33:H37) *-1 -> 0 | I38: =SUM(C38:H38) -> 0

Sheet 41926
A1: Start Date | B1: 46131 | C1: Update Stats | D1: FALSE | E1: Last Update | F1: 46131.988 | K1: Completed Games | M1: In Progress
A2: End Date | B2: 46131 | C2: Create Today Tab | D2: FALSE | E2: Status | F2: Stats updated (15 rows, 4 games, 15 active players) | K2: Andy | L2: 46147 | M2: 0/5
K3: Josh | L3: 46147 | M3: 0/5
A4: Andy | I4: =I11 -> 157.8 | K4: Jon | L4: 0/5 | M4: 0/5
A5: Position | B5: Player | C5: Points (1) | D5: Rebounds (1.2) | E5: Assists (1.5) | F5: Steals (2) | G5: Blocks (2) | H5: Turnovers (-1) | I5: Total | K5: Mark | L5: 46147 | M5: 0/5
A6: G | B6: Tyrese Maxey | C6: 21 | D6: 1 | E6: 8 | F6: 0 | G6: 0 | H6: 3 | I6: =sum(C6+1.2*D6+1.5*E6+2*F6+2*G6)-H6 -> 31.2 | J6: Final
A7: G | B7: Jalen Green | C7: 17 | D7: 5 | E7: 1 | F7: 1 | G7: 1 | H7: 3 | I7: =sum(C7+1.2*D7+1.5*E7+2*F7+2*G7)-H7 -> 25.5 | J7: Final
A8: F/C | B8: Victor Wembanyama | C8: 35 | D8: 5 | E8: 1 | F8: 0 | G8: 2 | H8: 4 | I8: =sum(C8+1.2*D8+1.5*E8+2*F8+2*G8)-H8 -> 42.5 | J8: Final
A9: F/C | B9: Jaylen Brown | C9: 26 | D9: 4 | E9: 3 | F9: 2 | G9: 0 | H9: 2 | I9: =sum(C9+1.2*D9+1.5*E9+2*F9+2*G9)-H9 -> 37.3 | J9: Final
A10: F/C | B10: Paul George | C10: 17 | D10: 4 | E10: 1 | F10: 0 | G10: 0 | H10: 2 | I10: =sum(C10+1.2*D10+1.5*E10+2*F10+2*G10)-H10 -> 21.3 | J10: Final
B11: Totals | C11: =SUM(C6:C10) -> 116 | D11: =SUM(D6:D10)*1.2 -> 22.8 | E11: =SUM(E6:E10)*1.5 -> 21 | F11: =SUM(F6:F10)*2 -> 6 | G11: =SUM(G6:G10)*2 -> 6 | H11: =SUM(H6:H10) *-1 -> -14 | I11: =SUM(C11:H11) -> 157.8
A13: Jon | I13: =I20 -> 0
A14: Position | B14: Player | C14: Points (1) | D14: Rebounds (1.2) | E14: Assists (1.5) | F14: Steals (2) | G14: Blocks (2) | H14: Turnovers (-1) | I14: Total
A15: G | I15: =sum(C15+1.2*D15+1.5*E15+2*F15+2*G15)-H15 -> 0
A16: G | I16: =sum(C16+1.2*D16+1.5*E16+2*F16+2*G16)-H16 -> 0
A17: F/C | I17: =sum(C17+1.2*D17+1.5*E17+2*F17+2*G17)-H17 -> 0
A18: F/C | I18: =sum(C18+1.2*D18+1.5*E18+2*F18+2*G18)-H18 -> 0
A19: F/C | I19: =sum(C19+1.2*D19+1.5*E19+2*F19+2*G19)-H19 -> 0
B20: Totals | C20: =SUM(C15:C19) -> 0 | D20: =SUM(D15:D19)*1.2 -> 0 | E20: =SUM(E15:E19)*1.5 -> 0 | F20: =SUM(F15:F19)*2 -> 0 | G20: =SUM(G15:G19)*2 -> 0 | H20: =SUM(H15:H19) *-1 -> 0 | I20: =SUM(C20:H20) -> 0
A22: Mark | I22: =I29 -> 213.8
A23: Position | B23: Player | C23: Points (1) | D23: Rebounds (1.2) | E23: Assists (1.5) | F23: Steals (2) | G23: Blocks (2) | H23: Turnovers (-1) | I23: Total
A24: G | B24: Cade Cunningham | C24: 39 | D24: 5 | E24: 4 | F24: 0 | G24: 0 | H24: 3 | I24: =sum(C24+1.2*D24+1.5*E24+2*F24+2*G24)-H24 -> 48 | J24: Final
A25: G | B25: Stephon Castle | C25: 17 | D25: 7 | E25: 7 | F25: 0 | G25: 0 | H25: 3 | I25: =sum(C25+1.2*D25+1.5*E25+2*F25+2*G25)-H25 -> 32.9 | J25: Final
A26: F/C | B26: Jayson Tatum | C26: 25 | D26: 11 | E26: 7 | F26: 2 | G26: 0 | H26: 1 | I26: =sum(C26+1.2*D26+1.5*E26+2*F26+2*G26)-H26 -> 51.7 | J26: Final
A27: F/C | B27: Paolo Banchero | C27: 23 | D27: 9 | E27: 4 | F27: 1 | G27: 0 | H27: 3 | I27: =sum(C27+1.2*D27+1.5*E27+2*F27+2*G27)-H27 -> 38.8 | J27: Final
A28: F/C | B28: Jalen Williams | C28: 22 | D28: 7 | E28: 6 | F28: 1 | G28: 1 | H28: 1 | I28: =sum(C28+1.2*D28+1.5*E28+2*F28+2*G28)-H28 -> 42.4 | J28: Final
B29: Totals | C29: =SUM(C24:C28) -> 126 | D29: =SUM(D24:D28)*1.2 -> 46.8 | E29: =SUM(E24:E28)*1.5 -> 42 | F29: =SUM(F24:F28)*2 -> 8 | G29: =SUM(G24:G28)*2 -> 2 | H29: =SUM(H24:H28) *-1 -> -11 | I29: =SUM(C29:H29) -> 213.8
A31: Josh | I31: =I38 -> 174.3
A32: Position | B32: Player | C32: Points (1) | D32: Rebounds (1.2) | E32: Assists (1.5) | F32: Steals (2) | G32: Blocks (2) | H32: Turnovers (-1) | I32: Total
A33: G | B33: Shai Gilgeous-Alexander | C33: 25 | D33: 4 | E33: 7 | F33: 0 | G33: 2 | H33: 0 | I33: =sum(C33+1.2*D33+1.5*E33+2*F33+2*G33)-H33 -> 44.3 | J33: Final
A34: G | B34: Devin Booker | C34: 23 | D34: 6 | E34: 2 | F34: 0 | G34: 0 | H34: 3 | I34: =sum(C34+1.2*D34+1.5*E34+2*F34+2*G34)-H34 -> 30.2 | J34: Final
A35: F/C | B35: Deni Avdija | C35: 30 | D35: 10 | E35: 5 | F35: 1 | G35: 1 | H35: 2 | I35: =sum(C35+1.2*D35+1.5*E35+2*F35+2*G35)-H35 -> 51.5 | J35: Final
A36: F/C | B36: Jalen Duren | C36: 8 | D36: 7 | E36: 1 | F36: 0 | G36: 1 | H36: 3 | I36: =sum(C36+1.2*D36+1.5*E36+2*F36+2*G36)-H36 -> 16.9 | J36: Final
A37: F/C | B37: Chet Holmgren | C37: 16 | D37: 7 | E37: 0 | F37: 2 | G37: 2 | H37: 1 | I37: =sum(C37+1.2*D37+1.5*E37+2*F37+2*G37)-H37 -> 31.4 | J37: Final
B38: Totals | C38: =SUM(C33:C37) -> 102 | D38: =SUM(D33:D37)*1.2 -> 40.8 | E38: =SUM(E33:E37)*1.5 -> 22.5 | F38: =SUM(F33:F37)*2 -> 6 | G38: =SUM(G33:G37)*2 -> 12 | H38: =SUM(H33:H37) *-1 -> -9 | I38: =SUM(C38:H38) -> 174.3

Sheet Raw_Stats
A1: Game Date | B1: Player | C1: PTS | D1: REB | E1: AST | F1: STL | G1: BLK | H1: TO | I1: Pulled At | J1: Event ID | K1: Status | L1: Canonical Player
A2: 46132 | B2: Brandon Ingram | C2: 7 | D2: 4 | E2: 3 | F2: 1 | G2: 0 | H2: 5 | I2: 46133.254 | J2: 401869369 | K2: Final | L2: brandon ingram
A3: 46132 | B3: Scottie Barnes | C3: 26 | D3: 4 | E3: 5 | F3: 2 | G3: 1 | H3: 4 | I3: 46133.254 | J3: 401869369 | K3: Final | L3: scottie barnes
A4: 46132 | B4: Evan Mobley | C4: 25 | D4: 8 | E4: 2 | F4: 0 | G4: 1 | H4: 1 | I4: 46133.254 | J4: 401869369 | K4: Final | L4: evan mobley
A5: 46132 | B5: James Harden | C5: 28 | D5: 5 | E5: 4 | F5: 5 | G5: 1 | H5: 5 | I5: 46133.254 | J5: 401869369 | K5: Final | L5: james harden
A6: 46132 | B6: Donovan Mitchell | C6: 30 | D6: 7 | E6: 5 | F6: 1 | G6: 0 | H6: 1 | I6: 46133.254 | J6: 401869369 | K6: Final | L6: donovan mitchell
A7: 46132 | B7: Jalen Johnson | C7: 17 | D7: 8 | E7: 3 | F7: 1 | G7: 0 | H7: 3 | I7: 46133.254 | J7: 401869387 | K7: Final | L7: jalen johnson
A8: 46132 | B8: Nickeil Alexander-Walker | C8: 9 | D8: 5 | E8: 6 | F8: 0 | G8: 3 | H8: 2 | I8: 46133.254 | J8: 401869387 | K8: Final | L8: nickeil alexander walker
A9: 46132 | B9: Karl-Anthony Towns | C9: 18 | D9: 8 | E9: 2 | F9: 0 | G9: 2 | H9: 3 | I9: 46133.254 | J9: 401869387 | K9: Final | L9: karl anthony towns
A10: 46132 | B10: Jalen Brunson | C10: 29 | D10: 2 | E10: 7 | F10: 0 | G10: 0 | H10: 3 | I10: 46133.254 | J10: 401869387 | K10: Final | L10: jalen brunson
A11: 46132 | B11: Julius Randle | C11: 24 | D11: 9 | E11: 6 | F11: 0 | G11: 0 | H11: 1 | I11: 46133.254 | J11: 401869395 | K11: Final | L11: julius randle
A12: 46132 | B12: Rudy Gobert | C12: 2 | D12: 7 | E12: 1 | F12: 2 | G12: 0 | H12: 2 | I12: 46133.254 | J12: 401869395 | K12: Final | L12: rudy gobert
A13: 46132 | B13: Anthony Edwards | C13: 30 | D13: 10 | E13: 2 | F13: 1 | G13: 2 | H13: 2 | I13: 46133.254 | J13: 401869395 | K13: Final | L13: anthony edwards
... A16: 46132 | B16: Jamal Murray | C16: 30 | D16: 7 | E16: 7 | F16: 1 | G16: 0 | H16: 4 | I16: 46133.254 | J16: 401869395 | K16: Final | L16: jamal murray

Sheet Name_Map
A1: Sheet_Name | B1: Source_Name
A2: Alperun Sengun | B2: Alperen Sengun
A3: Giannis Antetekoumpo | B3: Giannis Antetokounmpo

Sheet Player_Map
A1: Player | B1: Eligible_Position | D1: Guard_List | E1: Frontcourt_List
A2: =IFERROR(__xludf.DUMMYFUNCTION("QUERY({ 'NBA Player List'!K92:K250, ARRAYFORMULA(IF('NBA Player List'!K92:K250<>"""",""F/C"","""")); 'NBA Player List'!N92:N249, ARRAYFORMULA(IF('NBA Player List'!N92:N249<>"""",""G"","""")) }, ""select Col1, Col2 where Col1 is not null"", 0)"),"Giannis Antetekoumpo") -> Giannis Antetekoumpo | B2: =IFERROR(__xludf.DUMMYFUNCTION("""COMPUTED_VALUE"""),"F/C") -> F/C | D2: =IFERROR(__xludf.DUMMYFUNCTION("FILTER(A2:A1000,B2:B1000=""G"")"),"Anthony Edwards") -> Anthony Edwards | E2: =IFERROR(__xludf.DUMMYFUNCTION("FILTER(A2:A1000,B2:B1000=""F/C"")"),"Giannis Antetekoumpo") -> Giannis Antetekoumpo
A3: =IFERROR(__xludf.DUMMYFUNCTION("""COMPUTED_VALUE"""),"Nikola Jokic") -> Nikola Jokic | B3: =IFERROR(__xludf.DUMMYFUNCTION("""COMPUTED_VALUE"""),"F/C") -> F/C | D3: =IFERROR(__xludf.DUMMYFUNCTION("""COMPUTED_VALUE"""),"Cade Cunningham") -> Cade Cunningham | E3: =IFERROR(__xludf.DUMMYFUNCTION("""COMPUTED_VALUE"""),"Nikola Jokic") -> Nikola Jokic
A4: =IFERROR(__xludf.DUMMYFUNCTION("""COMPUTED_VALUE"""),"Jayson Tatum") -> Jayson Tatum | B4: =IFERROR(__xludf.DUMMYFUNCTION("""COMPUTED_VALUE"""),"F/C") -> F/C | D4: =IFERROR(__xludf.DUMMYFUNCTION("""COMPUTED_VALUE"""),"Luka Doncic") -> Luka Doncic | E4: =IFERROR(__xludf.DUMMYFUNCTION("""COMPUTED_VALUE"""),"Jayson Tatum") -> Jayson Tatum
A5: =IFERROR(__xludf.DUMMYFUNCTION("""COMPUTED_VALUE"""),"LeBron James") -> LeBron James | B5: =IFERROR(__xludf.DUMMYFUNCTION("""COMPUTED_VALUE"""),"F/C") -> F/C | D5: =IFERROR(__xludf.DUMMYFUNCTION("""COMPUTED_VALUE"""),"Jalen Brunson") -> Jalen Brunson | E5: =IFERROR(__xludf.DUMMYFUNCTION("""COMPUTED_VALUE"""),"LeBron James") -> LeBron James
A6: =IFERROR(__xludf.DUMMYFUNCTION("""COMPUTED_VALUE"""),"Paolo Banchero") -> Paolo Banchero | B6: =IFERROR(__xludf.DUMMYFUNCTION("""COMPUTED_VALUE"""),"F/C") -> F/C | D6: =IFERROR(__xludf.DUMMYFUNCTION("""COMPUTED_VALUE"""),"Shai Gilgeous-Alexander") -> Shai Gilgeous-Alexander | E6: =IFERROR(__xludf.DUMMYFUNCTION("""COMPUTED_VALUE"""),"Paolo Banchero") -> Paolo Banchero
A7: =IFERROR(__xludf.DUMMYFUNCTION("""COMPUTED_VALUE"""),"Alperun Sengun") -> Alperun Sengun | B7: =IFERROR(__xludf.DUMMYFUNCTION("""COMPUTED_VALUE"""),"F/C") -> F/C | D7: =IFERROR(__xludf.DUMMYFUNCTION("""COMPUTED_VALUE"""),"Tyrese Haliburton") -> Tyrese Haliburton | E7: =IFERROR(__xludf.DUMMYFUNCTION("""COMPUTED_VALUE"""),"Alperun Sengun") -> Alperun Sengun
A8: =IFERROR(__xludf.DUMMYFUNCTION("""COMPUTED_VALUE"""),"Kawhi Leonard") -> Kawhi Leonard | B8: =IFERROR(__xludf.DUMMYFUNCTION("""COMPUTED_VALUE"""),"F/C") -> F/C | D8: =IFERROR(__xludf.DUMMYFUNCTION("""COMPUTED_VALUE"""),"Brandin Podziemski") -> Brandin Podziemski | E8: =IFERROR(__xludf.DUMMYFUNCTION("""COMPUTED_VALUE"""),"Kawhi Leonard") -> Kawhi Leonard
A9: =IFERROR(__xludf.DUMMYFUNCTION("""COMPUTED_VALUE"""),"Franz Wagner") -> Franz Wagner | B9: =IFERROR(__xludf.DUMMYFUNCTION("""COMPUTED_VALUE"""),"F/C") -> F/C | D9: =IFERROR(__xludf.DUMMYFUNCTION("""COMPUTED_VALUE"""),"Jamal Murray") -> Jamal Murray | E9: =IFERROR(__xludf.DUMMYFUNCTION("""COMPUTED_VALUE"""),"Franz Wagner") -> Franz Wagner
A10: =IFERROR(__xludf.DUMMYFUNCTION("""COMPUTED_VALUE"""),"Jalen Williams") -> Jalen Williams | B10: =IFERROR(__xludf.DUMMYFUNCTION("""COMPUTED_VALUE"""),"F/C") -> F/C | D10: =IFERROR(__xludf.DUMMYFUNCTION("""COMPUTED_VALUE"""),"James Harden") -> James Harden | E10: =IFERROR(__xludf.DUMMYFUNCTION("""COMPUTED_VALUE"""),"Jalen Williams") -> Jalen Williams
A11: =IFERROR(__xludf.DUMMYFUNCTION("""COMPUTED_VALUE"""),"Karl-Anthony Towns") -> Karl-Anthony Towns | B11: =IFERROR(__xludf.DUMMYFUNCTION("""COMPUTED_VALUE"""),"F/C") -> F/C | D11: =IFERROR(__xludf.DUMMYFUNCTION("""COMPUTED_VALUE"""),"Stephen Curry") -> Stephen Curry | E11: =IFERROR(__xludf.DUMMYFUNCTION("""COMPUTED_VALUE"""),"Karl-Anthony Towns") -> Karl-Anthony Towns
A12: =IFERROR(__xludf.DUMMYFUNCTION("""COMPUTED_VALUE"""),"Rudy Gobert") -> Rudy Gobert | B12: =IFERROR(__xludf.DUMMYFUNCTION("""COMPUTED_VALUE"""),"F/C") -> F/C | D12: =IFERROR(__xludf.DUMMYFUNCTION("""COMPUTED_VALUE"""),"Darius Garland") -> Darius Garland | E12: =IFERROR(__xludf.DUMMYFUNCTION("""COMPUTED_VALUE"""),"Rudy Gobert") -> Rudy Gobert
A13: =IFERROR(__xludf.DUMMYFUNCTION("""COMPUTED_VALUE"""),"Ivica Zubac") -> Ivica Zubac | B13: =IFERROR(__xludf.DUMMYFUNCTION("""COMPUTED_VALUE"""),"F/C") -> F/C | D13: =IFERROR(__xludf.DUMMYFUNCTION("""COMPUTED_VALUE"""),"Donovan Mitchell") -> Donovan Mitchell | E13: =IFERROR(__xludf.DUMMYFUNCTION("""COMPUTED_VALUE"""),"Ivica Zubac") -> Ivica Zubac
A14: =IFERROR(__xludf.DUMMYFUNCTION("""COMPUTED_VALUE"""),"Bam Adebayo") -> Bam Adebayo | B14: =IFERROR(__xludf.DUMMYFUNCTION("""COMPUTED_VALUE"""),"F/C") -> F/C | D14: =IFERROR(__xludf.DUMMYFUNCTION("""COMPUTED_VALUE"""),"Christian Braun") -> Christian Braun | E14: =IFERROR(__xludf.DUMMYFUNCTION("""COMPUTED_VALUE"""),"Bam Adebayo") -> Bam Adebayo
A15: =IFERROR(__xludf.DUMMYFUNCTION("""COMPUTED_VALUE"""),"Josh Hart") -> Josh Hart | B15: =IFERROR(__xludf.DUMMYFUNCTION("""COMPUTED_VALUE"""),"F/C") -> F/C | D15: =IFERROR(__xludf.DUMMYFUNCTION("""COMPUTED_VALUE"""),"Fred VanVleet") -> Fred VanVleet | E15: =IFERROR(__xludf.DUMMYFUNCTION("""COMPUTED_VALUE"""),"Josh Hart") -> Josh Hart
A16: =IFERROR(__xludf.DUMMYFUNCTION("""COMPUTED_VALUE"""),"Jaylen Brown") -> Jaylen Brown | B16: =IFERROR(__xludf.DUMMYFUNCTION("""COMPUTED_VALUE"""),"F/C") -> F/C | D16: =IFERROR(__xludf.DUMMYFUNCTION("""COMPUTED_VALUE"""),"Derrick White") -> Derrick White | E16: =IFERROR(__xludf.DUMMYFUNCTION("""COMPUTED_VALUE"""),"Jaylen Brown") -> Jaylen Brown
A17: =IFERROR(__xludf.DUMMYFUNCTION("""COMPUTED_VALUE"""),"Chet Holmgren") -> Chet Holmgren | B17: =IFERROR(__xludf.DUMMYFUNCTION("""COMPUTED_VALUE"""),"F/C") -> F/C | D17: =IFERROR(__xludf.DUMMYFUNCTION("""COMPUTED_VALUE"""),"Mikal Bridges") -> Mikal Bridges | E17: =IFERROR(__xludf.DUMMYFUNCTION("""COMPUTED_VALUE"""),"Chet Holmgren") -> Chet Holmgren
A18: =IFERROR(__xludf.DUMMYFUNCTION("""COMPUTED_VALUE"""),"Julius Randle") -> Julius Randle | B18: =IFERROR(__xludf.DUMMYFUNCTION("""COMPUTED_VALUE"""),"F/C") -> F/C | D18: =IFERROR(__xludf.DUMMYFUNCTION("""COMPUTED_VALUE"""),"Ja Morant") -> Ja Morant | E18: =IFERROR(__xludf.DUMMYFUNCTION("""COMPUTED_VALUE"""),"Julius Randle") -> Julius Randle
A19: =IFERROR(__xludf.DUMMYFUNCTION("""COMPUTED_VALUE"""),"Michael Porter Jr.") -> Michael Porter Jr. | B19: =IFERROR(__xludf.DUMMYFUNCTION("""COMPUTED_VALUE"""),"F/C") -> F/C | D19: =IFERROR(__xludf.DUMMYFUNCTION("""COMPUTED_VALUE"""),"Jalen Green") -> Jalen Green | E19: =IFERROR(__xludf.DUMMYFUNCTION("""COMPUTED_VALUE"""),"Michael Porter Jr.") -> Michael Porter Jr.
A20: =IFERROR(__xludf.DUMMYFUNCTION("""COMPUTED_VALUE"""),"Jarrett Allen") -> Jarrett Allen | B20: =IFERROR(__xludf.DUMMYFUNCTION("""COMPUTED_VALUE"""),"F/C") -> F/C | D20: =IFERROR(__xludf.DUMMYFUNCTION("""COMPUTED_VALUE"""),"Tyler Herro") -> Tyler Herro | E20: =IFERROR(__xludf.DUMMYFUNCTION("""COMPUTED_VALUE"""),"Jarrett Allen") -> Jarrett Allen
A21: =IFERROR(__xludf.DUMMYFUNCTION("""COMPUTED_VALUE"""),"Jalen Duren") -> Jalen Duren | B21: =IFERROR(__xludf.DUMMYFUNCTION("""COMPUTED_VALUE"""),"F/C") -> F/C | D21: =IFERROR(__xludf.DUMMYFUNCTION("""COMPUTED_VALUE"""),"Austin Reaves") -> Austin Reaves | E21: =IFERROR(__xludf.DUMMYFUNCTION("""COMPUTED_VALUE"""),"Jalen Duren") -> Jalen Duren
A22: =IFERROR(__xludf.DUMMYFUNCTION("""COMPUTED_VALUE"""),"Pascal Siakam") -> Pascal Siakam | B22: =IFERROR(__xludf.DUMMYFUNCTION("""COMPUTED_VALUE"""),"F/C") -> F/C | D22: =IFERROR(__xludf.DUMMYFUNCTION("""COMPUTED_VALUE"""),"Donte DiVincenzo ") -> Donte DiVincenzo | E22: =IFERROR(__xludf.DUMMYFUNCTION("""COMPUTED_VALUE"""),"Pascal Siakam") -> Pascal Siakam
A23: =IFERROR(__xludf.DUMMYFUNCTION("""COMPUTED_VALUE"""),"Amen Thompson") -> Amen Thompson | B23: =IFERROR(__xludf.DUMMYFUNCTION("""COMPUTED_VALUE"""),"F/C") -> F/C | D23: =IFERROR(__xludf.DUMMYFUNCTION("""COMPUTED_VALUE"""),"Ty Jerome") -> Ty Jerome | E23: =IFERROR(__xludf.DUMMYFUNCTION("""COMPUTED_VALUE"""),"Amen Thompson") -> Amen Thompson
A24: =IFERROR(__xludf.DUMMYFUNCTION("""COMPUTED_VALUE"""),"Jimmy Butler") -> Jimmy Butler | B24: =IFERROR(__xludf.DUMMYFUNCTION("""COMPUTED_VALUE"""),"F/C") -> F/C | D24: =IFERROR(__xludf.DUMMYFUNCTION("""COMPUTED_VALUE"""),"Russell Westbrook") -> Russell Westbrook | E24: =IFERROR(__xludf.DUMMYFUNCTION("""COMPUTED_VALUE"""),"Jimmy Butler") -> Jimmy Butler
A25: =IFERROR(__xludf.DUMMYFUNCTION("""COMPUTED_VALUE"""),"Jaren Jackson Jr.") -> Jaren Jackson Jr. | B25: =IFERROR(__xludf.DUMMYFUNCTION("""COMPUTED_VALUE"""),"F/C") -> F/C | D25: =IFERROR(__xludf.DUMMYFUNCTION("""COMPUTED_VALUE"""),"Damian Lillard") -> Damian Lillard | E25: =IFERROR(__xludf.DUMMYFUNCTION("""COMPUTED_VALUE"""),"Jaren Jackson Jr.") -> Jaren Jackson Jr.
A26: =IFERROR(__xludf.DUMMYFUNCTION("""COMPUTED_VALUE"""),"Rui Hachimura") -> Rui Hachimura | B26: =IFERROR(__xludf.DUMMYFUNCTION("""COMPUTED_VALUE"""),"F/C") -> F/C | D26: =IFERROR(__xludf.DUMMYFUNCTION("""COMPUTED_VALUE"""),"Andrew Nembhard") -> Andrew Nembhard | E26: =IFERROR(__xludf.DUMMYFUNCTION("""COMPUTED_VALUE"""),"Rui Hachimura") -> Rui Hachimura
A27: =IFERROR(__xludf.DUMMYFUNCTION("""COMPUTED_VALUE"""),"Myles Turner") -> Myles Turner | B27: =IFERROR(__xludf.DUMMYFUNCTION("""COMPUTED_VALUE"""),"F/C") -> F/C | D27: =IFERROR(__xludf.DUMMYFUNCTION("""COMPUTED_VALUE"""),"Malik Beasley") -> Malik Beasley | E27: =IFERROR(__xludf.DUMMYFUNCTION("""COMPUTED_VALUE"""),"Myles Turner") -> Myles Turner
A28: =IFERROR(__xludf.DUMMYFUNCTION("""COMPUTED_VALUE"""),"Evan Mobley") -> Evan Mobley | B28: =IFERROR(__xludf.DUMMYFUNCTION("""COMPUTED_VALUE"""),"F/C") -> F/C | D28: =IFERROR(__xludf.DUMMYFUNCTION("""COMPUTED_VALUE"""),"Davion Mitchell") -> Davion Mitchell | E28: =IFERROR(__xludf.DUMMYFUNCTION("""COMPUTED_VALUE"""),"Evan Mobley") -> Evan Mobley
A29: =IFERROR(__xludf.DUMMYFUNCTION("""COMPUTED_VALUE"""),"Aaron Gordon") -> Aaron Gordon | B29: =IFERROR(__xludf.DUMMYFUNCTION("""COMPUTED_VALUE"""),"F/C") -> F/C | D29: =IFERROR(__xludf.DUMMYFUNCTION("""COMPUTED_VALUE"""),"Payton Pritchard") -> Payton Pritchard | E29: =IFERROR(__xludf.DUMMYFUNCTION("""COMPUTED_VALUE"""),"Aaron Gordon") -> Aaron Gordon
A30: =IFERROR(__xludf.DUMMYFUNCTION("""COMPUTED_VALUE"""),"Kristaps Porzingis") -> Kristaps Porzingis | B30: =IFERROR(__xludf.DUMMYFUNCTION("""COMPUTED_VALUE"""),"F/C") -> F/C | D30: =IFERROR(__xludf.DUMMYFUNCTION("""COMPUTED_VALUE"""),"Tim Hardaway Jr") -> Tim Hardaway Jr | E30: =IFERROR(__xludf.DUMMYFUNCTION("""COMPUTED_VALUE"""),"Kristaps Porzingis") -> Kristaps Porzingis
A31: =IFERROR(__xludf.DUMMYFUNCTION("""COMPUTED_VALUE"""),"Desmond Bane") -> Desmond Bane | B31: =IFERROR(__xludf.DUMMYFUNCTION("""COMPUTED_VALUE"""),"F/C") -> F/C | D31: =IFERROR(__xludf.DUMMYFUNCTION("""COMPUTED_VALUE"""),"Kris Dunn") -> Kris Dunn | E31: =IFERROR(__xludf.DUMMYFUNCTION("""COMPUTED_VALUE"""),"Desmond Bane") -> Desmond Bane
A32: =IFERROR(__xludf.DUMMYFUNCTION("""COMPUTED_VALUE"""),"Bobby Portis") -> Bobby Portis | B32: =IFERROR(__xludf.DUMMYFUNCTION("""COMPUTED_VALUE"""),"F/C") -> F/C | D32: =IFERROR(__xludf.DUMMYFUNCTION("""COMPUTED_VALUE"""),"Gary Payton II") -> Gary Payton II | E32: =IFERROR(__xludf.DUMMYFUNCTION("""COMPUTED_VALUE"""),"Bobby Portis") -> Bobby Portis
A33: =IFERROR(__xludf.DUMMYFUNCTION("""COMPUTED_VALUE"""),"Dillon Brooks") -> Dillon Brooks | B33: =IFERROR(__xludf.DUMMYFUNCTION("""COMPUTED_VALUE"""),"F/C") -> F/C | D33: =IFERROR(__xludf.DUMMYFUNCTION("""COMPUTED_VALUE"""),"Benedict Mathurin") -> Benedict Mathurin | E33: =IFERROR(__xludf.DUMMYFUNCTION("""COMPUTED_VALUE"""),"Dillon Brooks") -> Dillon Brooks
A34: =IFERROR(__xludf.DUMMYFUNCTION("""COMPUTED_VALUE"""),"Tobias Harris") -> Tobias Harris | B34: =IFERROR(__xludf.DUMMYFUNCTION("""COMPUTED_VALUE"""),"F/C") -> F/C | D34: =IFERROR(__xludf.DUMMYFUNCTION("""COMPUTED_VALUE"""),"Cason Wallace") -> Cason Wallace | E34: =IFERROR(__xludf.DUMMYFUNCTION("""COMPUTED_VALUE"""),"Tobias Harris") -> Tobias Harris
A35: =IFERROR(__xludf.DUMMYFUNCTION("""COMPUTED_VALUE"""),"Isaiah Hartenstein") -> Isaiah Hartenstein | B35: =IFERROR(__xludf.DUMMYFUNCTION("""COMPUTED_VALUE"""),"F/C") -> F/C | D35: =IFERROR(__xludf.DUMMYFUNCTION("""COMPUTED_VALUE"""),"Jrue Holiday") -> Jrue Holiday | E35: =IFERROR(__xludf.DUMMYFUNCTION("""COMPUTED_VALUE"""),"Isaiah Hartenstein") -> Isaiah Hartenstein
A36: =IFERROR(__xludf.DUMMYFUNCTION("""COMPUTED_VALUE"""),"OG Anunoby") -> OG Anunoby | B36: =IFERROR(__xludf.DUMMYFUNCTION("""COMPUTED_VALUE"""),"F/C") -> F/C | D36: =IFERROR(__xludf.DUMMYFUNCTION("""COMPUTED_VALUE"""),"Nickeil Alexander-Walker") -> Nickeil Alexander-Walker | E36: =IFERROR(__xludf.DUMMYFUNCTION("""COMPUTED_VALUE"""),"OG Anunoby") -> OG Anunoby
A37: =IFERROR(__xludf.DUMMYFUNCTION("""COMPUTED_VALUE"""),"Andrew Wiggins") -> Andrew Wiggins | B37: =IFERROR(__xludf.DUMMYFUNCTION("""COMPUTED_VALUE"""),"F/C") -> F/C | D37: =IFERROR(__xludf.DUMMYFUNCTION("""COMPUTED_VALUE"""),"Daniss Jenkins") -> Daniss Jenkins | E37: =IFERROR(__xludf.DUMMYFUNCTION("""COMPUTED_VALUE"""),"Andrew Wiggins") -> Andrew Wiggins
A38: =IFERROR(__xludf.DUMMYFUNCTION("""COMPUTED_VALUE"""),"Naz Reid") -> Naz Reid | B38: =IFERROR(__xludf.DUMMYFUNCTION("""COMPUTED_VALUE"""),"F/C") -> F/C | D38: =IFERROR(__xludf.DUMMYFUNCTION("""COMPUTED_VALUE"""),"Caris LeVert") -> Caris LeVert | E38: =IFERROR(__xludf.DUMMYFUNCTION("""COMPUTED_VALUE"""),"Naz Reid") -> Naz Reid
A39: =IFERROR(__xludf.DUMMYFUNCTION("""COMPUTED_VALUE"""),"Max Strus") -> Max Strus | B39: =IFERROR(__xludf.DUMMYFUNCTION("""COMPUTED_VALUE"""),"F/C") -> F/C | D39: =IFERROR(__xludf.DUMMYFUNCTION("""COMPUTED_VALUE"""),"Kevin Huerter") -> Kevin Huerter | E39: =IFERROR(__xludf.DUMMYFUNCTION("""COMPUTED_VALUE"""),"Max Strus") -> Max Strus
A40: =IFERROR(__xludf.DUMMYFUNCTION("""COMPUTED_VALUE"""),"Draymond Green") -> Draymond Green | B40: =IFERROR(__xludf.DUMMYFUNCTION("""COMPUTED_VALUE"""),"F/C") -> F/C | D40: =IFERROR(__xludf.DUMMYFUNCTION("""COMPUTED_VALUE"""),"Duncan Robinson") -> Duncan Robinson | E40: =IFERROR(__xludf.DUMMYFUNCTION("""COMPUTED_VALUE"""),"Draymond Green") -> Draymond Green
A41: =IFERROR(__xludf.DUMMYFUNCTION("""COMPUTED_VALUE"""),"Jaden McDaniels") -> Jaden McDaniels | B41: =IFERROR(__xludf.DUMMYFUNCTION("""COMPUTED_VALUE"""),"F/C") -> F/C | D41: =IFERROR(__xludf.DUMMYFUNCTION("""COMPUTED_VALUE"""),"Jose Alverado") -> Jose Alverado | E41: =IFERROR(__xludf.DUMMYFUNCTION("""COMPUTED_VALUE"""),"Jaden McDaniels") -> Jaden McDaniels
A42: =IFERROR(__xludf.DUMMYFUNCTION("""COMPUTED_VALUE"""),"Jabari Smith Jr") -> Jabari Smith Jr | B42: =IFERROR(__xludf.DUMMYFUNCTION("""COMPUTED_VALUE"""),"F/C") -> F/C | D42: =IFERROR(__xludf.DUMMYFUNCTION("""COMPUTED_VALUE"""),"Landry Shamet") -> Landry Shamet | E42: =IFERROR(__xludf.DUMMYFUNCTION("""COMPUTED_VALUE"""),"Jabari Smith Jr") -> Jabari Smith Jr
A43: =IFERROR(__xludf.DUMMYFUNCTION("""COMPUTED_VALUE"""),"Ausar Thompson") -> Ausar Thompson | B43: =IFERROR(__xludf.DUMMYFUNCTION("""COMPUTED_VALUE"""),"F/C") -> F/C | D43: =IFERROR(__xludf.DUMMYFUNCTION("""COMPUTED_VALUE"""),"CJ McCollum") -> CJ McCollum | E43: =IFERROR(__xludf.DUMMYFUNCTION("""COMPUTED_VALUE"""),"Ausar Thompson") -> Ausar Thompson
A44: =IFERROR(__xludf.DUMMYFUNCTION("""COMPUTED_VALUE"""),"Derrik Jones Jr.") -> Derrik Jones Jr. | B44: =IFERROR(__xludf.DUMMYFUNCTION("""COMPUTED_VALUE"""),"F/C") -> F/C | D44: =IFERROR(__xludf.DUMMYFUNCTION("""COMPUTED_VALUE"""),"Immanuel Quickley") -> Immanuel Quickley | E44: =IFERROR(__xludf.DUMMYFUNCTION("""COMPUTED_VALUE"""),"Derrik Jones Jr.") -> Derrik Jones Jr.
A45: =IFERROR(__xludf.DUMMYFUNCTION("""COMPUTED_VALUE"""),"Jonathan Kuminga") -> Jonathan Kuminga | B45: =IFERROR(__xludf.DUMMYFUNCTION("""COMPUTED_VALUE"""),"F/C") -> F/C | D45: =IFERROR(__xludf.DUMMYFUNCTION("""COMPUTED_VALUE"""),"Desmond Bane") -> Desmond Bane | E45: =IFERROR(__xludf.DUMMYFUNCTION("""COMPUTED_VALUE"""),"Jonathan Kuminga") -> Jonathan Kuminga
A46: =IFERROR(__xludf.DUMMYFUNCTION("""COMPUTED_VALUE"""),"Norman Powell") -> Norman Powell | B46: =IFERROR(__xludf.DUMMYFUNCTION("""COMPUTED_VALUE"""),"F/C") -> F/C | D46: =IFERROR(__xludf.DUMMYFUNCTION("""COMPUTED_VALUE"""),"Anthony Black") -> Anthony Black | E46: =IFERROR(__xludf.DUMMYFUNCTION("""COMPUTED_VALUE"""),"Norman Powell") -> Norman Powell
A47: =IFERROR(__xludf.DUMMYFUNCTION("""COMPUTED_VALUE"""),"Bojan Bogdanovic") -> Bojan Bogdanovic | B47: =IFERROR(__xludf.DUMMYFUNCTION("""COMPUTED_VALUE"""),"F/C") -> F/C | D47: =IFERROR(__xludf.DUMMYFUNCTION("""COMPUTED_VALUE"""),"Tyrese Maxey") -> Tyrese Maxey | E47: =IFERROR(__xludf.DUMMYFUNCTION("""COMPUTED_VALUE"""),"Bojan Bogdanovic") -> Bojan Bogdanovic
A48: =IFERROR(__xludf.DUMMYFUNCTION("""COMPUTED_VALUE"""),"Mitchell Robinson") -> Mitchell Robinson | B48: =IFERROR(__xludf.DUMMYFUNCTION("""COMPUTED_VALUE"""),"F/C") -> F/C | D48: =IFERROR(__xludf.DUMMYFUNCTION("""COMPUTED_VALUE"""),"VJ Edgecomb") -> VJ Edgecomb | E48: =IFERROR(__xludf.DUMMYFUNCTION("""COMPUTED_VALUE"""),"Mitchell Robinson") -> Mitchell Robinson
A49: =IFERROR(__xludf.DUMMYFUNCTION("""COMPUTED_VALUE"""),"Tari Eason") -> Tari Eason | B49: =IFERROR(__xludf.DUMMYFUNCTION("""COMPUTED_VALUE"""),"F/C") -> F/C | D49: =IFERROR(__xludf.DUMMYFUNCTION("""COMPUTED_VALUE"""),"LaMelo Ball") -> LaMelo Ball | E49: =IFERROR(__xludf.DUMMYFUNCTION("""COMPUTED_VALUE"""),"Tari Eason") -> Tari Eason
A50: =IFERROR(__xludf.DUMMYFUNCTION("""COMPUTED_VALUE"""),"Steven Adams") -> Steven Adams | B50: =IFERROR(__xludf.DUMMYFUNCTION("""COMPUTED_VALUE"""),"F/C") -> F/C | D50: =IFERROR(__xludf.DUMMYFUNCTION("""COMPUTED_VALUE"""),"Coby White") -> Coby White | E50: =IFERROR(__xludf.DUMMYFUNCTION("""COMPUTED_VALUE"""),"Steven Adams") -> Steven Adams
A51: =IFERROR(__xludf.DUMMYFUNCTION("""COMPUTED_VALUE"""),"Sam Hauser") -> Sam Hauser | B51: =IFERROR(__xludf.DUMMYFUNCTION("""COMPUTED_VALUE"""),"F/C") -> F/C | D51: =IFERROR(__xludf.DUMMYFUNCTION("""COMPUTED_VALUE"""),"Kon Knueppel") -> Kon Knueppel | E51: =IFERROR(__xludf.DUMMYFUNCTION("""COMPUTED_VALUE"""),"Sam Hauser") -> Sam Hauser
A52: =IFERROR(__xludf.DUMMYFUNCTION("""COMPUTED_VALUE"""),"Deandre Hunter") -> Deandre Hunter | B52: =IFERROR(__xludf.DUMMYFUNCTION("""COMPUTED_VALUE"""),"F/C") -> F/C | D52: =IFERROR(__xludf.DUMMYFUNCTION("""COMPUTED_VALUE"""),"Norman Powell") -> Norman Powell | E52: =IFERROR(__xludf.DUMMYFUNCTION("""COMPUTED_VALUE"""),"Deandre Hunter") -> Deandre Hunter
A53: =IFERROR(__xludf.DUMMYFUNCTION("""COMPUTED_VALUE"""),"Aaron Wiggins") -> Aaron Wiggins | B53: =IFERROR(__xludf.DUMMYFUNCTION("""COMPUTED_VALUE"""),"F/C") -> F/C | D53: =IFERROR(__xludf.DUMMYFUNCTION("""COMPUTED_VALUE"""),"Ajay Mitchell") -> Ajay Mitchell | E53: =IFERROR(__xludf.DUMMYFUNCTION("""COMPUTED_VALUE"""),"Aaron Wiggins") -> Aaron Wiggins
A54: =IFERROR(__xludf.DUMMYFUNCTION("""COMPUTED_VALUE"""),"Buddy Hield") -> Buddy Hield | B54: =IFERROR(__xludf.DUMMYFUNCTION("""COMPUTED_VALUE"""),"F/C") -> F/C | D54: =IFERROR(__xludf.DUMMYFUNCTION("""COMPUTED_VALUE"""),"De'Arron Fox") -> De'Arron Fox | E54: =IFERROR(__xludf.DUMMYFUNCTION("""COMPUTED_VALUE"""),"Buddy Hield") -> Buddy Hield
A55: =IFERROR(__xludf.DUMMYFUNCTION("""COMPUTED_VALUE"""),"Obi Toppin") -> Obi Toppin | B55: =IFERROR(__xludf.DUMMYFUNCTION("""COMPUTED_VALUE"""),"F/C") -> F/C | D55: =IFERROR(__xludf.DUMMYFUNCTION("""COMPUTED_VALUE"""),"Dylan Harper") -> Dylan Harper | E55: =IFERROR(__xludf.DUMMYFUNCTION("""COMPUTED_VALUE"""),"Obi Toppin") -> Obi Toppin
A56: =IFERROR(__xludf.DUMMYFUNCTION("""COMPUTED_VALUE"""),"Aaron Nesmith") -> Aaron Nesmith | B56: =IFERROR(__xludf.DUMMYFUNCTION("""COMPUTED_VALUE"""),"F/C") -> F/C | D56: =IFERROR(__xludf.DUMMYFUNCTION("""COMPUTED_VALUE"""),"Stephon Castle") -> Stephon Castle | E56: =IFERROR(__xludf.DUMMYFUNCTION("""COMPUTED_VALUE"""),"Aaron Nesmith") -> Aaron Nesmith
A57: =IFERROR(__xludf.DUMMYFUNCTION("""COMPUTED_VALUE"""),"Al Horford") -> Al Horford | B57: =IFERROR(__xludf.DUMMYFUNCTION("""COMPUTED_VALUE"""),"F/C") -> F/C | D57: =IFERROR(__xludf.DUMMYFUNCTION("""COMPUTED_VALUE"""),"Keldon Johnson") -> Keldon Johnson | E57: =IFERROR(__xludf.DUMMYFUNCTION("""COMPUTED_VALUE"""),"Al Horford") -> Al Horford
A58: =IFERROR(__xludf.DUMMYFUNCTION("""COMPUTED_VALUE"""),"Luke Kornet") -> Luke Kornet | B58: =IFERROR(__xludf.DUMMYFUNCTION("""COMPUTED_VALUE"""),"F/C") -> F/C | D58: =IFERROR(__xludf.DUMMYFUNCTION("""COMPUTED_VALUE"""),"Bruce Brown") -> Bruce Brown | E58: =IFERROR(__xludf.DUMMYFUNCTION("""COMPUTED_VALUE"""),"Luke Kornet") -> Luke Kornet
A59: =IFERROR(__xludf.DUMMYFUNCTION("""COMPUTED_VALUE"""),"Hugo Gonzalez") -> Hugo Gonzalez | B59: =IFERROR(__xludf.DUMMYFUNCTION("""COMPUTED_VALUE"""),"F/C") -> F/C | D59: =IFERROR(__xludf.DUMMYFUNCTION("""COMPUTED_VALUE"""),"Cameron Johnson") -> Cameron Johnson | E59: =IFERROR(__xludf.DUMMYFUNCTION("""COMPUTED_VALUE"""),"Hugo Gonzalez") -> Hugo Gonzalez
A60: =IFERROR(__xludf.DUMMYFUNCTION("""COMPUTED_VALUE"""),"Neemias Queta") -> Neemias Queta | B60: =IFERROR(__xludf.DUMMYFUNCTION("""COMPUTED_VALUE"""),"F/C") -> F/C | D60: =IFERROR(__xludf.DUMMYFUNCTION("""COMPUTED_VALUE"""),"Luke Kennard") -> Luke Kennard | E60: =IFERROR(__xludf.DUMMYFUNCTION("""COMPUTED_VALUE"""),"Neemias Queta") -> Neemias Queta
A61: =IFERROR(__xludf.DUMMYFUNCTION("""COMPUTED_VALUE"""),"Jalen Johnson") -> Jalen Johnson | B61: =IFERROR(__xludf.DUMMYFUNCTION("""COMPUTED_VALUE"""),"F/C") -> F/C | D61: =IFERROR(__xludf.DUMMYFUNCTION("""COMPUTED_VALUE"""),"Marcus Smart") -> Marcus Smart | E61: =IFERROR(__xludf.DUMMYFUNCTION("""COMPUTED_VALUE"""),"Jalen Johnson") -> Jalen Johnson
A62: =IFERROR(__xludf.DUMMYFUNCTION("""COMPUTED_VALUE"""),"RJ Barrett") -> RJ Barrett | B62: =IFERROR(__xludf.DUMMYFUNCTION("""COMPUTED_VALUE"""),"F/C") -> F/C | D62: =IFERROR(__xludf.DUMMYFUNCTION("""COMPUTED_VALUE"""),"Ayo Dousunmu") -> Ayo Dousunmu | E62: =IFERROR(__xludf.DUMMYFUNCTION("""COMPUTED_VALUE"""),"RJ Barrett") -> RJ Barrett
A63: =IFERROR(__xludf.DUMMYFUNCTION("""COMPUTED_VALUE"""),"Scottie Barnes") -> Scottie Barnes | B63: =IFERROR(__xludf.DUMMYFUNCTION("""COMPUTED_VALUE"""),"F/C") -> F/C | D63: =IFERROR(__xludf.DUMMYFUNCTION("""COMPUTED_VALUE"""),"Devin Booker") -> Devin Booker | E63: =IFERROR(__xludf.DUMMYFUNCTION("""COMPUTED_VALUE"""),"Scottie Barnes") -> Scottie Barnes
A64: =IFERROR(__xludf.DUMMYFUNCTION("""COMPUTED_VALUE"""),"Jakob Poeltl") -> Jakob Poeltl | B64: =IFERROR(__xludf.DUMMYFUNCTION("""COMPUTED_VALUE"""),"F/C") -> F/C | D64: =IFERROR(__xludf.DUMMYFUNCTION("""COMPUTED_VALUE"""),"Collin Gillespie") -> Collin Gillespie | E64: =IFERROR(__xludf.DUMMYFUNCTION("""COMPUTED_VALUE"""),"Jakob Poeltl") -> Jakob Poeltl
A65: =IFERROR(__xludf.DUMMYFUNCTION("""COMPUTED_VALUE"""),"Paul George") -> Paul George | B65: =IFERROR(__xludf.DUMMYFUNCTION("""COMPUTED_VALUE"""),"F/C") -> F/C | D65: =IFERROR(__xludf.DUMMYFUNCTION("""COMPUTED_VALUE"""),"Scoot Henderson") -> Scoot Henderson | E65: =IFERROR(__xludf.DUMMYFUNCTION("""COMPUTED_VALUE"""),"Paul George") -> Paul George
A66: =IFERROR(__xludf.DUMMYFUNCTION("""COMPUTED_VALUE"""),"Joel Embiid") -> Joel Embiid | B66: =IFERROR(__xludf.DUMMYFUNCTION("""COMPUTED_VALUE"""),"F/C") -> F/C | D66: =IFERROR(__xludf.DUMMYFUNCTION("""COMPUTED_VALUE"""),"Shaedon Sharpe") -> Shaedon Sharpe | E66: =IFERROR(__xludf.DUMMYFUNCTION("""COMPUTED_VALUE"""),"Joel Embiid") -> Joel Embiid
A67: =IFERROR(__xludf.DUMMYFUNCTION("""COMPUTED_VALUE"""),"Brandon Miller") -> Brandon Miller | B67: =IFERROR(__xludf.DUMMYFUNCTION("""COMPUTED_VALUE"""),"F/C") -> F/C | D67: =IFERROR(__xludf.DUMMYFUNCTION("""COMPUTED_VALUE"""),"Bennedict Mathurin") -> Bennedict Mathurin | E67: =IFERROR(__xludf.DUMMYFUNCTION("""COMPUTED_VALUE"""),"Brandon Miller") -> Brandon Miller
A68: =IFERROR(__xludf.DUMMYFUNCTION("""COMPUTED_VALUE"""),"Miles Bridges") -> Miles Bridges | B68: =IFERROR(__xludf.DUMMYFUNCTION("""COMPUTED_VALUE"""),"F/C") -> F/C | D68: =IFERROR(__xludf.DUMMYFUNCTION("""COMPUTED_VALUE"""),"Jalen Suggs") -> Jalen Suggs | E68: =IFERROR(__xludf.DUMMYFUNCTION("""COMPUTED_VALUE"""),"Miles Bridges") -> Miles Bridges
A69: =IFERROR(__xludf.DUMMYFUNCTION("""COMPUTED_VALUE"""),"Moussa Diabate") -> Moussa Diabate | B69: =IFERROR(__xludf.DUMMYFUNCTION("""COMPUTED_VALUE"""),"F/C") -> F/C | D69: =IFERROR(__xludf.DUMMYFUNCTION("""COMPUTED_VALUE"""),"RJ Barrett") -> RJ Barrett | E69: =IFERROR(__xludf.DUMMYFUNCTION("""COMPUTED_VALUE"""),"Moussa Diabate") -> Moussa Diabate
A70: =IFERROR(__xludf.DUMMYFUNCTION("""COMPUTED_VALUE"""),"Victor Wembanyama") -> Victor Wembanyama | B70: =IFERROR(__xludf.DUMMYFUNCTION("""COMPUTED_VALUE"""),"F/C") -> F/C | E70: =IFERROR(__xludf.DUMMYFUNCTION("""COMPUTED_VALUE"""),"Victor Wembanyama") -> Victor Wembanyama
A71: =IFERROR(__xludf.DUMMYFUNCTION("""COMPUTED_VALUE"""),"Harrison Barnes") -> Harrison Barnes | B71: =IFERROR(__xludf.DUMMYFUNCTION("""COMPUTED_VALUE"""),"F/C") -> F/C | E71: =IFERROR(__xludf.DUMMYFUNCTION("""COMPUTED_VALUE"""),"Harrison Barnes") -> Harrison Barnes
A72: =IFERROR(__xludf.DUMMYFUNCTION("""COMPUTED_VALUE"""),"Devin Vassell") -> Devin Vassell | B72: =IFERROR(__xludf.DUMMYFUNCTION("""COMPUTED_VALUE"""),"F/C") -> F/C | E72: =IFERROR(__xludf.DUMMYFUNCTION("""COMPUTED_VALUE"""),"Devin Vassell") -> Devin Vassell
A73: =IFERROR(__xludf.DUMMYFUNCTION("""COMPUTED_VALUE"""),"Peyton Watson") -> Peyton Watson | B73: =IFERROR(__xludf.DUMMYFUNCTION("""COMPUTED_VALUE"""),"F/C") -> F/C | E73: =IFERROR(__xludf.DUMMYFUNCTION("""COMPUTED_VALUE"""),"Peyton Watson") -> Peyton Watson
A74: =IFERROR(__xludf.DUMMYFUNCTION("""COMPUTED_VALUE"""),"Deandre Ayton") -> Deandre Ayton | B74: =IFERROR(__xludf.DUMMYFUNCTION("""COMPUTED_VALUE"""),"F/C") -> F/C | E74: =IFERROR(__xludf.DUMMYFUNCTION("""COMPUTED_VALUE"""),"Deandre Ayton") -> Deandre Ayton
A75: =IFERROR(__xludf.DUMMYFUNCTION("""COMPUTED_VALUE"""),"Kevin Durant") -> Kevin Durant | B75: =IFERROR(__xludf.DUMMYFUNCTION("""COMPUTED_VALUE"""),"F/C") -> F/C | E75: =IFERROR(__xludf.DUMMYFUNCTION("""COMPUTED_VALUE"""),"Kevin Durant") -> Kevin Durant
A76: =IFERROR(__xludf.DUMMYFUNCTION("""COMPUTED_VALUE"""),"Mark Williams") -> Mark Williams | B76: =IFERROR(__xludf.DUMMYFUNCTION("""COMPUTED_VALUE"""),"F/C") -> F/C | E76: =IFERROR(__xludf.DUMMYFUNCTION("""COMPUTED_VALUE"""),"Mark Williams") -> Mark Williams
A77: =IFERROR(__xludf.DUMMYFUNCTION("""COMPUTED_VALUE"""),"Deni Avdija") -> Deni Avdija | B77: =IFERROR(__xludf.DUMMYFUNCTION("""COMPUTED_VALUE"""),"F/C") -> F/C | E77: =IFERROR(__xludf.DUMMYFUNCTION("""COMPUTED_VALUE"""),"Deni Avdija") -> Deni Avdija
A78: =IFERROR(__xludf.DUMMYFUNCTION("""COMPUTED_VALUE"""),"Jerami Grant") -> Jerami Grant | B78: =IFERROR(__xludf.DUMMYFUNCTION("""COMPUTED_VALUE"""),"F/C") -> F/C | E78: =IFERROR(__xludf.DUMMYFUNCTION("""COMPUTED_VALUE"""),"Jerami Grant") -> Jerami Grant
A79: =IFERROR(__xludf.DUMMYFUNCTION("""COMPUTED_VALUE"""),"Donovan Clingan") -> Donovan Clingan | B79: =IFERROR(__xludf.DUMMYFUNCTION("""COMPUTED_VALUE"""),"F/C") -> F/C | E79: =IFERROR(__xludf.DUMMYFUNCTION("""COMPUTED_VALUE"""),"Donovan Clingan") -> Donovan Clingan
A80: =IFERROR(__xludf.DUMMYFUNCTION("""COMPUTED_VALUE"""),"John Collins") -> John Collins | B80: =IFERROR(__xludf.DUMMYFUNCTION("""COMPUTED_VALUE"""),"F/C") -> F/C | E80: =IFERROR(__xludf.DUMMYFUNCTION("""COMPUTED_VALUE"""),"John Collins") -> John Collins
A81: =IFERROR(__xludf.DUMMYFUNCTION("""COMPUTED_VALUE"""),"Wendell Carter Jr.") -> Wendell Carter Jr. | B81: =IFERROR(__xludf.DUMMYFUNCTION("""COMPUTED_VALUE"""),"F/C") -> F/C | E81: =IFERROR(__xludf.DUMMYFUNCTION("""COMPUTED_VALUE"""),"Wendell Carter Jr.") -> Wendell Carter Jr.
A82: =IFERROR(__xludf.DUMMYFUNCTION("""COMPUTED_VALUE"""),"Gui Santos") -> Gui Santos | B82: =IFERROR(__xludf.DUMMYFUNCTION("""COMPUTED_VALUE"""),"F/C") -> F/C | E82: =IFERROR(__xludf.DUMMYFUNCTION("""COMPUTED_VALUE"""),"Gui Santos") -> Gui Santos
A83: =IFERROR(__xludf.DUMMYFUNCTION("""COMPUTED_VALUE"""),"Ryan Kalkbrenner ") -> Ryan Kalkbrenner | B83: =IFERROR(__xludf.DUMMYFUNCTION("""COMPUTED_VALUE"""),"F/C") -> F/C | E83: =IFERROR(__xludf.DUMMYFUNCTION("""COMPUTED_VALUE"""),"Ryan Kalkbrenner ") -> Ryan Kalkbrenner
A84: =IFERROR(__xludf.DUMMYFUNCTION("""COMPUTED_VALUE"""),"Brandon Ingram") -> Brandon Ingram | B84: =IFERROR(__xludf.DUMMYFUNCTION("""COMPUTED_VALUE"""),"F/C") -> F/C | E84: =IFERROR(__xludf.DUMMYFUNCTION("""COMPUTED_VALUE"""),"Brandon Ingram") -> Brandon Ingram
A85: =IFERROR(__xludf.DUMMYFUNCTION("""COMPUTED_VALUE"""),"Anthony Edwards") -> Anthony Edwards | B85: =IFERROR(__xludf.DUMMYFUNCTION("""COMPUTED_VALUE"""),"G") -> G
A86: =IFERROR(__xludf.DUMMYFUNCTION("""COMPUTED_VALUE"""),"Cade Cunningham") -> Cade Cunningham | B86: =IFERROR(__xludf.DUMMYFUNCTION("""COMPUTED_VALUE"""),"G") -> G
A87: =IFERROR(__xludf.DUMMYFUNCTION("""COMPUTED_VALUE"""),"Luka Doncic") -> Luka Doncic | B87: =IFERROR(__xludf.DUMMYFUNCTION("""COMPUTED_VALUE"""),"G") -> G
A88: =IFERROR(__xludf.DUMMYFUNCTION("""COMPUTED_VALUE"""),"Jalen Brunson") -> Jalen Brunson | B88: =IFERROR(__xludf.DUMMYFUNCTION("""COMPUTED_VALUE"""),"G") -> G
A89: =IFERROR(__xludf.DUMMYFUNCTION("""COMPUTED_VALUE"""),"Shai Gilgeous-Alexander") -> Shai Gilgeous-Alexander | B89: =IFERROR(__xludf.DUMMYFUNCTION("""COMPUTED_VALUE"""),"G") -> G
A90: =IFERROR(__xludf.DUMMYFUNCTION("""COMPUTED_VALUE"""),"Tyrese Haliburton") -> Tyrese Haliburton | B90: =IFERROR(__xludf.DUMMYFUNCTION("""COMPUTED_VALUE"""),"G") -> G
A91: =IFERROR(__xludf.DUMMYFUNCTION("""COMPUTED_VALUE"""),"Brandin Podziemski") -> Brandin Podziemski | B91: =IFERROR(__xludf.DUMMYFUNCTION("""COMPUTED_VALUE"""),"G") -> G
A92: =IFERROR(__xludf.DUMMYFUNCTION("""COMPUTED_VALUE"""),"Jamal Murray") -> Jamal Murray | B92: =IFERROR(__xludf.DUMMYFUNCTION("""COMPUTED_VALUE"""),"G") -> G
A93: =IFERROR(__xludf.DUMMYFUNCTION("""COMPUTED_VALUE"""),"James Harden") -> James Harden | B93: =IFERROR(__xludf.DUMMYFUNCTION("""COMPUTED_VALUE"""),"G") -> G
A94: =IFERROR(__xludf.DUMMYFUNCTION("""COMPUTED_VALUE"""),"Stephen Curry") -> Stephen Curry | B94: =IFERROR(__xludf.DUMMYFUNCTION("""COMPUTED_VALUE"""),"G") -> G
A95: =IFERROR(__xludf.DUMMYFUNCTION("""COMPUTED_VALUE"""),"Darius Garland") -> Darius Garland | B95: =IFERROR(__xludf.DUMMYFUNCTION("""COMPUTED_VALUE"""),"G") -> G
A96: =IFERROR(__xludf.DUMMYFUNCTION("""COMPUTED_VALUE"""),"Donovan Mitchell") -> Donovan Mitchell | B96: =IFERROR(__xludf.DUMMYFUNCTION("""COMPUTED_VALUE"""),"G") -> G
A97: =IFERROR(__xludf.DUMMYFUNCTION("""COMPUTED_VALUE"""),"Christian Braun") -> Christian Braun | B97: =IFERROR(__xludf.DUMMYFUNCTION("""COMPUTED_VALUE"""),"G") -> G
A98: =IFERROR(__xludf.DUMMYFUNCTION("""COMPUTED_VALUE"""),"Fred VanVleet") -> Fred VanVleet | B98: =IFERROR(__xludf.DUMMYFUNCTION("""COMPUTED_VALUE"""),"G") -> G
A99: =IFERROR(__xludf.DUMMYFUNCTION("""COMPUTED_VALUE"""),"Derrick White") -> Derrick White | B99: =IFERROR(__xludf.DUMMYFUNCTION("""COMPUTED_VALUE"""),"G") -> G
A100: =IFERROR(__xludf.DUMMYFUNCTION("""COMPUTED_VALUE"""),"Mikal Bridges") -> Mikal Bridges | B100: =IFERROR(__xludf.DUMMYFUNCTION("""COMPUTED_VALUE"""),"G") -> G
...

Sheet 51525
A1: Andy | I1: =I8 -> 134.7
A2: Position | B2: Player | C2: Points (1) | D2: Rebounds (1.2) | E2: Assists (1.5) | F2: Steals (2) | G2: Blocks (2) | H2: Turnovers (-1) | I2: Total
A3: G | B3: Derrick White | C3: 8 | D3: 1 | E3: 2 | F3: 1 | G3: 0 | H3: 1 | I3: =sum(C3+1.2*D3+1.5*E3+2*F3+2*G3)-H3 -> 13.2
A4: G | B4: Russell Westbrook | C4: 8 | D4: 3 | E4: 0 | F4: 0 | G4: 1 | H4: 4 | I4: =sum(C4+1.2*D4+1.5*E4+2*F4+2*G4)-H4 -> 9.6
A5: F/C | B5: Nikola Jokic | C5: 29 | D5: 14 | E5: 8 | F5: 2 | G5: 1 | H5: 1 | I5: =sum(C5+1.2*D5+1.5*E5+2*F5+2*G5)-H5 -> 62.8
A6: F/C | B6: Chet Holmgren | C6: 19 | D6: 11 | E6: 1 | F6: 1 | G6: 1 | H6: 0 | I6: =sum(C6+1.2*D6+1.5*E6+2*F6+2*G6)-H6 -> 37.7
A7: F/C | B7: Al Horford | C7: 10 | D7: 2 | E7: 0 | F7: 0 | G7: 0 | H7: 1 | I7: =sum(C7+1.2*D7+1.5*E7+2*F7+2*G7)-H7 -> 11.4
B8: Totals | C8: =SUM(C3:C7) -> 74 | D8: =SUM(D3:D7)*1.2 -> 37.2 | E8: =SUM(E3:E7)*1.5 -> 16.5 | F8: =SUM(F3:F7)*2 -> 8 | G8: =SUM(G3:G7)*2 -> 6 | H8: =SUM(H3:H7) *-1 -> -7 | I8: =SUM(C8:H8) -> 134.7
A10: Jon | I10: =I17 -> 142
A11: Position | B11: Player | C11: Points (1) | D11: Rebounds (1.2) | E11: Assists (1.5) | F11: Steals (2) | G11: Blocks (2) | H11: Turnovers (-1) | I11: Total
A12: G | B12: Shai Gilgeous-Alexander | C12: 32 | D12: 3 | E12: 6 | F12: 0 | G12: 0 | H12: 2 | I12: =sum(C12+1.2*D12+1.5*E12+2*F12+2*G12)-H12 -> 42.6
A13: G | B13: Jrue Holiday | C13: 4 | D13: 4 | E13: 3 | F13: 1 | G13: 0 | H13: 2 | I13: =sum(C13+1.2*D13+1.5*E13+2*F13+2*G13)-H13 -> 13.3
A14: F/C | B14: Karl-Anthony Towns | C14: 21 | D14: 12 | E14: 1 | F14: 1 | G14: 0 | H14: 3 | I14: =sum(C14+1.2*D14+1.5*E14+2*F14+2*G14)-H14 -> 35.9
A15: F/C | B15: Josh Hart | C15: 10 | D15: 11 | E15: 11 | F15: 0 | G15: 0 | H15: 2 | I15: =sum(C15+1.2*D15+1.5*E15+2*F15+2*G15)-H15 -> 37.7
A16: F/C | B16: Luke Kornet | C16: 5 | D16: 5 | E16: 1 | F16: 0 | G16: 1 | H16: 2 | I16: =sum(C16+1.2*D16+1.5*E16+2*F16+2*G16)-H16 -> 12.5
B17: Totals | C17: =SUM(C12:C16) -> 72 | D17: =SUM(D12:D16)*1.2 -> 42 | E17: =SUM(E12:E16)*1.5 -> 33 | F17: =SUM(F12:F16)*2 -> 4 | G17: =SUM(G12:G16)*2 -> 2 | H17: =SUM(H12:H16) *-1 -> -11 | I17: =SUM(C17:H17) -> 142
A19: Mark | I19: =I26 -> 166.5
A20: Position | B20: Player | C20: Points (1) | D20: Rebounds (1.2) | E20: Assists (1.5) | F20: Steals (2) | G20: Blocks (2) | H20: Turnovers (-1) | I20: Total
A21: G | B21: Jalen Brunson | C21: 23 | D21: 6 | E21: 6 | F21: 0 | G21: 0 | H21: 2 | I21: =sum(C21+1.2*D21+1.5*E21+2*F21+2*G21)-H21 -> 37.2
A22: G | B22: Mikal Bridges | C22: 22 | D22: 4 | E22: 3 | F22: 1 | G22: 2 | H22: 2 | I22: =sum(C22+1.2*D22+1.5*E22+2*F22+2*G22)-H22 -> 35.3
A23: F/C | B23: Jalen Williams | C23: 6 | D23: 7 | E23: 10 | F23: 3 | G23: 1 | H23: 3 | I23: =sum(C23+1.2*D23+1.5*E23+2*F23+2*G23)-H23 -> 34.4
A24: F/C | B24: OG Anunoby | C24: 23 | D24: 9 | E24: 2 | F24: 2 | G24: 2 | H24: 3 | I24: =sum(C24+1.2*D24+1.5*E24+2*F24+2*G24)-H24 -> 41.8
A25: F/C | B25: Michael Porter Jr. | C25: 10 | D25: 4 | E25: 0 | F25: 1 | G25: 1 | H25: 1 | I25: =sum(C25+1.2*D25+1.5*E25+2*F25+2*G25)-H25 -> 17.8
B26: Totals | C26: =SUM(C21:C25) -> 84 | D26: =SUM(D21:D25)*1.2 -> 36 | E26: =SUM(E21:E25)*1.5 -> 31.5 | F26: =SUM(F21:F25)*2 -> 14 | G26: =SUM(G21:G25)*2 -> 12 | H26: =SUM(H21:H25) *-1 -> -11 | I26: =SUM(C26:H26) -> 166.5
A28: Josh | I28: =I35 -> 133.8
A29: Position | B29: Player | C29: Points (1) | D29: Rebounds (1.2) | E29: Assists (1.5) | F29: Steals (2) | G29: Blocks (2) | H29: Turnovers (-1) | I29: Total
A30: G | B30: Jamal Murray | C30: 25 | D30: 8 | E30: 7 | F30: 0 | G30: 1 | H30: 5 | I30: =sum(C30+1.2*D30+1.5*E30+2*F30+2*G30)-H30 -> 42.1
A31: G | B31: Payton Pritchard | C31: 11 | D31: 2 | E31: 4 | F31: 0 | G31: 0 | H31: 0 | I31: =sum(C31+1.2*D31+1.5*E31+2*F31+2*G31)-H31 -> 19.4
A32: F/C | B32: Jaylen Brown | C32: 20 | D32: 6 | E32: 6 | F32: 1 | G32: 1 | H32: 7 | I32: =sum(C32+1.2*D32+1.5*E32+2*F32+2*G32)-H32 -> 33.2
A33: F/C | B33: Aaron Gordon | C33: 5 | D33: 7 | E33: 7 | F33: 1 | G33: 0 | H33: 1 | I33: =sum(C33+1.2*D33+1.5*E33+2*F33+2*G33)-H33 -> 24.9
A34: F/C | B34: Isaiah Hartenstein | C34: 8 | D34: 6 | E34: 0 | F34: 0 | G34: 0 | H34: 1 | I34: =sum(C34+1.2*D34+1.5*E34+2*F34+2*G34)-H34 -> 14.2
B35: Totals | C35: =SUM(C30:C34) -> 69 | D35: =SUM(D30:D34)*1.2 -> 34.8 | E35: =SUM(E30:E34)*1.5 -> 36 | F35: =SUM(F30:F34)*2 -> 4 | G35: =SUM(G30:G34)*2 -> 4 | H35: =SUM(H30:H34) *-1 -> -14 | I35: =SUM(C35:H35) -> 133.8

Sheet 51425
A1: Jon | I1: =I8 -> 158.9
A2: Position | B2: Player | C2: Points (1) | D2: Rebounds (1.2) | E2: Assists (1.5) | F2: Steals (2) | G2: Blocks (2) | H2: Turnovers (-1) | I2: Total
A3: G | B3: Anthony Edwards | C3: 22 | D3: 7 | E3: 12 | F3: 1 | G3: 3 | H3: 7 | I3: =sum(C3+1.2*D3+1.5*E3+2*F3+2*G3)-H3 -> 49.4
A4: G | B4: Derrick White | C4: 34 | D4: 3 | E4: 2 | F4: 0 | G4: 3 | H4: 2 | I4: =sum(C4+1.2*D4+1.5*E4+2*F4+2*G4)-H4 -> 44.6
A5: F/C | B5: Rudy Gobert | C5: 17 | D5: 8 | E5: 0 | F5: 0 | G5: 1 | H5: 0 | I5: =sum(C5+1.2*D5+1.5*E5+2*F5+2*G5)-H5 -> 28.6
A6: F/C | B6: Al Horford | C6: 12 | D6: 5 | E6: 2 | F6: 0 | G6: 1 | H6: 1 | I6: =sum(C6+1.2*D6+1.5*E6+2*F6+2*G6)-H6 -> 22
A7: F/C | B7: Buddy Hield | C7: 8 | D7: 4 | E7: 1 | F7: 2 | G7: 0 | H7: 4 | I7: =sum(C7+1.2*D7+1.5*E7+2*F7+2*G7)-H7 -> 14.3
B8: Totals | C8: =SUM(C3:C7) -> 93 | D8: =SUM(D3:D7)*1.2 -> 32.4 | E8: =SUM(E3:E7)*1.5 -> 25.5 | F8: =SUM(F3:F7)*2 -> 6 | G8: =SUM(G3:G7)*2 -> 16 | H8: =SUM(H3:H7) *-1 -> -14 | I8: =SUM(C8:H8) -> 158.9
A10: Andy | I10: =I17 -> 132.7
A11: Position | B11: Player | C11: Points (1) | D11: Rebounds (1.2) | E11: Assists (1.5) | F11: Steals (2) | G11: Blocks (2) | H11: Turnovers (-1) | I11: Total
A12: G | B12: Jalen Brunson | C12: 22 | D12: 1 | E12: 6 | F12: 0 | G12: 0 | H12: 2 | I12: =sum(C12+1.2*D12+1.5*E12+2*F12+2*G12)-H12 -> 30.2
A13: G | B13: Mikal Bridges | C13: 9 | D13: 2 | E13: 3 | F13: 1 | G13: 1 | H13: 2 | I13: =sum(C13+1.2*D13+1.5*E13+2*F13+2*G13)-H13 -> 17.9
A14: F/C | B14: Josh Hart | C14: 24 | D14: 7 | E14: 2 | F14: 0 | G14: 0 | H14: 1 | I14: =sum(C14+1.2*D14+1.5*E14+2*F14+2*G14)-H14 -> 34.4
A15: F/C | B15: OG Anunoby | C15: 6 | D15: 8 | E15: 2 | F15: 0 | G15: 1 | H15: 2 | I15: =sum(C15+1.2*D15+1.5*E15+2*F15+2*G15)-H15 -> 18.6
A16: F/C | B16: Jonathan Kuminga | C16: 26 | D16: 3 | E16: 0 | F16: 2 | G16: 0 | H16: 2 | I16: =sum(C16+1.2*D16+1.5*E16+2*F16+2*G16)-H16 -> 31.6
B17: Totals | C17: =SUM(C12:C16) -> 87 | D17: =SUM(D12:D16)*1.2 -> 25.2 | E17: =SUM(E12:E16)*1.5 -> 19.5 | F17: =SUM(F12:F16)*2 -> 6 | G17: =SUM(G12:G16)*2 -> 4 | H17: =SUM(H12:H16) *-1 -> -9 | I17: =SUM(C17:H17) -> 132.7
A19: Josh | I19: =I26 -> 173.1
A20: Position | B20: Player | C20: Points (1) | D20: Rebounds (1.2) | E20: Assists (1.5) | F20: Steals (2) | G20: Blocks (2) | H20: Turnovers (-1) | I20: Total
A21: G | B21: Brandin Podziemski | C21: 28 | D21: 6 | E21: 4 | F21: 2 | G21: 0 | H21: 2 | I21: =sum(C21+1.2*D21+1.5*E21+2*F21+2*G21)-H21 -> 43.2
A22: G | B22: Donte DiVincenzo | C22: 13 | D22: 2 | E22: 6 | F22: 4 | G22: 0 | H22: 1 | I22: =sum(C22+1.2*D22+1.5*E22+2*F22+2*G22)-H22 -> 31.4
A23: F/C | B23: Julius Randle | C23: 29 | D23: 8 | E23: 5 | F23: 0 | G23: 0 | H23: 5 | I23: =sum(C23+1.2*D23+1.5*E23+2*F23+2*G23)-H23 -> 41.1
A24: F/C | B24: Karl-Anthony Towns | C24: 19 | D24: 8 | E24: 0 | F24: 1 | G24: 1 | H24: 2 | I24: =sum(C24+1.2*D24+1.5*E24+2*F24+2*G24)-H24 -> 30.6
A25: F/C | B25: Jaden McDaniels | C25: 14 | D25: 4 | E25: 2 | F25: 4 | G25: 0 | H25: 3 | I25: =sum(C25+1.2*D25+1.5*E25+2*F25+2*G25)-H25 -> 26.8
B26: Totals | C26: =SUM(C21:C25) -> 103 | D26: =SUM(D21:D25)*1.2 -> 33.6 | E26: =SUM(E21:E25)*1.5 -> 25.5 | F26: =SUM(F21:F25)*2 -> 22 | G26: =SUM(G21:G25)*2 -> 2 | H26: =SUM(H21:H25) *-1 -> -13 | I26: =SUM(C26:H26) -> 173.1
A28: Mark | I28: =I35 -> 172.4
A29: Position | B29: Player | C29: Points (1) | D29: Rebounds (1.2) | E29: Assists (1.5) | F29: Steals (2) | G29: Blocks (2) | H29: Turnovers (-1) | I29: Total
A30: G | B30: Jrue Holiday | C30: 14 | D30: 7 | E30: 3 | F30: 0 | G30: 0 | H30: 1 | I30: =sum(C30+1.2*D30+1.5*E30+2*F30+2*G30)-H30 -> 25.9
A31: G | B31: Payton Pritchard | C31: 17 | D31: 5 | E31: 3 | F31: 1 | G31: 0 | H31: 0 | I31: =sum(C31+1.2*D31+1.5*E31+2*F31+2*G31)-H31 -> 29.5
A32: F/C | B32: Jaylen Brown | C32: 26 | D32: 8 | E32: 12 | F32: 1 | G32: 0 | H32: 2 | I32: =sum(C32+1.2*D32+1.5*E32+2*F32+2*G32)-H32 -> 53.6
A33: F/C | B33: Jimmy Butler | C33: 17 | D33: 6 | E33: 6 | F33: 3 | G33: 0 | H33: 1 | I33: =sum(C33+1.2*D33+1.5*E33+2*F33+2*G33)-H33 -> 38.2
A34: F/C | B34: Draymond Green | C34: 10 | D34: 6 | E34: 6 | F34: 1 | G34: 0 | H34: 3 | I34: =sum(C34+1.2*D34+1.5*E34+2*F34+2*G34)-H34 -> 25.2
B35: Totals | C35: =SUM(C30:C34) -> 84 | D35: =SUM(D30:D34)*1.2 -> 38.4 | E35: =SUM(E30:E34)*1.5 -> 45 | F35: =SUM(F30:F34)*2 -> 12 | G35: =SUM(G30:G34)*2 -> 0 | H35: =SUM(H30:H34) *-1 -> -7 | I35: =SUM(C35:H35) -> 172.4

Sheet 51325
A1: Josh | I1: =I8 -> 154.7
A2: Position | B2: Player | C2: Points (1) | D2: Rebounds (1.2) | E2: Assists (1.5) | F2: Steals (2) | G2: Blocks (2) | H2: Turnovers (-1) | I2: Total
A3: G | B3: Darius Garland | C3: 11 | D3: 4 | E3: 3 | F3: 0 | G3: 0 | H3: 5 | I3: =sum(C3+1.2*D3+1.5*E3+2*F3+2*G3)-H3 -> 15.3
A4: G | B4: Andrew Nembhard | C4: 18 | D4: 3 | E4: 6 | F4: 1 | G4: 1 | H4: 2 | I4: =sum(C4+1.2*D4+1.5*E4+2*F4+2*G4)-H4 -> 32.6
A5: F/C | B5: Nikola Jokic | C5: 44 | D5: 15 | E5: 5 | F5: 2 | G5: 0 | H5: 2 | I5: =sum(C5+1.2*D5+1.5*E5+2*F5+2*G5)-H5 -> 71.5
A6: F/C | B6: Aaron Gordon | C6: 13 | D6: 5 | E6: 3 | F6: 1 | G6: 0 | H6: 3 | I6: =sum(C6+1.2*D6+1.5*E6+2*F6+2*G6)-H6 -> 22.5
A7: F/C | B7: Michael Porter Jr. | C7: 2 | D7: 4 | E7: 2 | F7: 2 | G7: 0 | H7: 1 | I7: =sum(C7+1.2*D7+1.5*E7+2*F7+2*G7)-H7 -> 12.8
B8: Totals | C8: =SUM(C3:C7) -> 88 | D8: =SUM(D3:D7)*1.2 -> 37.2 | E8: =SUM(E3:E7)*1.5 -> 28.5 | F8: =SUM(F3:F7)*2 -> 12 | G8: =SUM(G3:G7)*2 -> 2 | H8: =SUM(H3:H7) *-1 -> -13 | I8: =SUM(C8:H8) -> 154.7
A10: Jon | I10: =I17 -> 144.5
A11: Position | B11: Player | C11: Points (1) | D11: Rebounds (1.2) | E11: Assists (1.5) | F11: Steals (2) | G11: Blocks (2) | H11: Turnovers (-1) | I11: Total
A12: G | B12: Shai Gilgeous-Alexander | C12: 31 | D12: 6 | E12: 7 | F12: 2 | G12: 2 | H12: 5 | I12: =sum(C12+1.2*D12+1.5*E12+2*F12+2*G12)-H12 -> 51.7
A13: G | B13: Christian Braun | C13: 8 | D13: 7 | E13: 3 | F13: 1 | G13: 2 | H13: 1 | I13: =sum(C13+1.2*D13+1.5*E13+2*F13+2*G13)-H13 -> 25.9
A14: F/C | B14: Chet Holmgren | C14: 14 | D14: 8 | E14: 1 | F14: 1 | G14: 2 | H14: 1 | I14: =sum(C14+1.2*D14+1.5*E14+2*F14+2*G14)-H14 -> 30.1
A15: F/C | B15: Myles Turner | C15: 10 | D15: 7 | E15: 0 | F15: 0 | G15: 4 | H15: 1 | I15: =sum(C15+1.2*D15+1.5*E15+2*F15+2*G15)-H15 -> 25.4
A16: F/C | B16: Max Strus | C16: 0 | D16: 7 | E16: 2 | F16: 0 | G16: 0 | H16: 0 | I16: =sum(C16+1.2*D16+1.5*E16+2*F16+2*G16)-H16 -> 11.4
B17: Totals | C17: =SUM(C12:C16) -> 63 | D17: =SUM(D12:D16)*1.2 -> 42 | E17: =SUM(E12:E16)*1.5 -> 19.5 | F17: =SUM(F12:F16)*2 -> 8 | G17: =SUM(G12:G16)*2 -> 20 | H17: =SUM(H12:H16) *-1 -> -8 | I17: =SUM(C17:H17) -> 144.5
A19: Andy | I19: =I26 -> 154.5
A20: Position | B20: Player | C20: Points (1) | D20: Rebounds (1.2) | E20: Assists (1.5) | F20: Steals (2) | G20: Blocks (2) | H20: Turnovers (-1) | I20: Total
A21: G | B21: Tyrese Haliburton | C21: 31 | D21: 6 | E21: 8 | F21: 1 | G21: 0 | H21: 4 | I21: =sum(C21+1.2*D21+1.5*E21+2*F21+2*G21)-H21 -> 48.2
A22: G | B22: Ty Jerome | C22: 8 | D22: 0 | E22: 2 | F22: 1 | G22: 0 | H22: 0 | I22: =sum(C22+1.2*D22+1.5*E22+2*F22+2*G22)-H22 -> 13
A23: F/C | B23: Jalen Williams | C23: 18 | D23: 9 | E23: 4 | F23: 1 | G23: 0 | H23: 0 | I23: =sum(C23+1.2*D23+1.5*E23+2*F23+2*G23)-H23 -> 36.8
A24: F/C | B24: Evan Mobley | C24: 24 | D24: 11 | E24: 1 | F24: 0 | G24: 2 | H24: 0 | I24: =sum(C24+1.2*D24+1.5*E24+2*F24+2*G24)-H24 -> 42.7
A25: F/C | B25: Jarrett Allen | C25: 9 | D25: 4 | E25: 0 | F25: 1 | G25: 0 | H25: 2 | I25: =sum(C25+1.2*D25+1.5*E25+2*F25+2*G25)-H25 -> 13.8
B26: Totals | C26: =SUM(C21:C25) -> 90 | D26: =SUM(D21:D25)*1.2 -> 36 | E26: =SUM(E21:E25)*1.5 -> 22.5 | F26: =SUM(F21:F25)*2 -> 8 | G26: =SUM(G21:G25)*2 -> 4 | H26: =SUM(H21:H25) *-1 -> -6 | I26: =SUM(C26:H26) -> 154.5
A28: Mark | I28: =I35 -> 199.7
A29: Position | B29: Player | C29: Points (1) | D29: Rebounds (1.2) | E29: Assists (1.5) | F29: Steals (2) | G29: Blocks (2) | H29: Turnovers (-1) | I29: Total
A30: G | B30: Donovan Mitchell | C30: 35 | D30: 9 | E30: 1 | F30: 4 | G30: 1 | H30: 2 | I30: =sum(C30+1.2*D30+1.5*E30+2*F30+2*G30)-H30 -> 55.3
A31: G | B31: Jamal Murray | C31: 28 | D31: 4 | E31: 3 | F31: 0 | G31: 1 | H31: 4 | I31: =sum(C31+1.2*D31+1.5*E31+2*F31+2*G31)-H31 -> 35.3
A32: F/C | B32: Pascal Siakam | C32: 21 | D32: 8 | E32: 5 | F32: 1 | G32: 2 | H32: 0 | I32: =sum(C32+1.2*D32+1.5*E32+2*F32+2*G32)-H32 -> 44.1
A33: F/C | B33: Isaiah Hartenstein | C33: 15 | D33: 7 | E33: 2 | F33: 1 | G33: 1 | H33: 1 | I33: =sum(C33+1.2*D33+1.5*E33+2*F33+2*G33)-H33 -> 29.4
A34: F/C | B34: Aaron Nesmith | C34: 13 | D34: 13 | E34: 2 | F34: 2 | G34: 0 | H34: 0 | I34: =sum(C34+1.2*D34+1.5*E34+2*F34+2*G34)-H34 -> 35.6
B35: Totals | C35: =SUM(C30:C34) -> 112 | D35: =SUM(D30:D34)*1.2 -> 49.2 | E35: =SUM(E30:E34)*1.5 -> 19.5 | F35: =SUM(F30:F34)*2 -> 16 | G35: =SUM(G30:G34)*2 -> 10 | H35: =SUM(H30:H34) *-1 -> -7 | I35: =SUM(C35:H35) -> 199.7

Sheet 51225
A1: Jon | I1: =I8 -> 155.6
A2: Position | B2: Player | C2: Points (1) | D2: Rebounds (1.2) | E2: Assists (1.5) | F2: Steals (2) | G2: Blocks (2) | H2: Turnovers (-1) | I2: Total
A3: G | B3: Derrick White | C3: 23 | D3: 3 | E3: 2 | F3: 0 | G3: 0 | H3: 2 | I3: =sum(C3+1.2*D3+1.5*E3+2*F3+2*G3)-H3 -> 27.6
A4: G | B4: Nickeil Alexander-Walker | C4: 13 | D4: 2 | E4: 2 | F4: 1 | G4: 1 | H4: 3 | I4: =sum(C4+1.2*D4+1.5*E4+2*F4+2*G4)-H4 -> 19.4
A5: F/C | B5: Jayson Tatum | C5: 42 | D5: 8 | E5: 4 | F5: 4 | G5: 2 | H5: 3 | I5: =sum(C5+1.2*D5+1.5*E5+2*F5+2*G5)-H5 -> 66.6
A6: F/C | B6: Josh Hart | C6: 6 | D6: 9 | E6: 5 | F6: 1 | G6: 0 | H6: 3 | I6: =sum(C6+1.2*D6+1.5*E6+2*F6+2*G6)-H6 -> 23.3
A7: F/C | B7: Rudy Gobert | C7: 8 | D7: 6 | E7: 1 | F7: 0 | G7: 1 | H7: 0 | I7: =sum(C7+1.2*D7+1.5*E7+2*F7+2*G7)-H7 -> 18.7
B8: Totals | C8: =SUM(C3:C7) -> 92 | D8: =SUM(D3:D7)*1.2 -> 33.6 | E8: =SUM(E3:E7)*1.5 -> 21 | F8: =SUM(F3:F7)*2 -> 12 | G8: =SUM(G3:G7)*2 -> 8 | H8: =SUM(H3:H7) *-1 -> -11 | I8: =SUM(C8:H8) -> 155.6
A10: Andy | I10: =I17 -> 161.5
A11: Position | B11: Player | C11: Points (1) | D11: Rebounds (1.2) | E11: Assists (1.5) | F11: Steals (2) | G11: Blocks (2) | H11: Turnovers (-1) | I11: Total
A12: G | B12: Anthony Edwards | C12: 30 | D12: 4 | E12: 5 | F12: 2 | G12: 0 | H12: 3 | I12: =sum(C12+1.2*D12+1.5*E12+2*F12+2*G12)-H12 -> 43.3
A13: G | B13: Mikal Bridges | C13: 23 | D13: 7 | E13: 3 | F13: 4 | G13: 1 | H13: 2 | I13: =sum(C13+1.2*D13+1.5*E13+2*F13+2*G13)-H13 -> 43.9
A14: F/C | B14: Jaylen Brown | C14: 20 | D14: 7 | E14: 2 | F14: 0 | G14: 0 | H14: 5 | I14: =sum(C14+1.2*D14+1.5*E14+2*F14+2*G14)-H14 -> 26.4
A15: F/C | B15: Jonathan Kuminga | C15: 23 | D15: 0 | E15: 1 | F15: 1 | G15: 0 | H15: 2 | I15: =sum(C15+1.2*D15+1.5*E15+2*F15+2*G15)-H15 -> 24.5
A16: F/C | B16: Draymond Green | C16: 14 | D16: 7 | E16: 2 | F16: 0 | G16: 0 | H16: 2 | I16: =sum(C16+1.2*D16+1.5*E16+2*F16+2*G16)-H16 -> 23.4
B17: Totals | C17: =SUM(C12:C16) -> 110 | D17: =SUM(D12:D16)*1.2 -> 30 | E17: =SUM(E12:E16)*1.5 -> 19.5 | F17: =SUM(F12:F16)*2 -> 14 | G17: =SUM(G12:G16)*2 -> 2 | H17: =SUM(H12:H16) *-1 -> -14 | I17: =SUM(C17:H17) -> 161.5
A19: Mark | I19: =I26 -> 170.7
A20: Position | B20: Player | C20: Points (1) | D20: Rebounds (1.2) | E20: Assists (1.5) | F20: Steals (2) | G20: Blocks (2) | H20: Turnovers (-1) | I20: Total
A21: G | B21: Jalen Brunson | C21: 39 | D21: 5 | E21: 12 | F21: 0 | G21: 0 | H21: 1 | I21: =sum(C21+1.2*D21+1.5*E21+2*F21+2*G21)-H21 -> 62
A22: G | B22: Brandin Podziemski | C22: 11 | D22: 3 | E22: 1 | F22: 4 | G22: 0 | H22: 2 | I22: =sum(C22+1.2*D22+1.5*E22+2*F22+2*G22)-H22 -> 22.1
A23: F/C | B23: Karl-Anthony Towns | C23: 23 | D23: 11 | E23: 1 | F23: 0 | G23: 1 | H23: 4 | I23: =sum(C23+1.2*D23+1.5*E23+2*F23+2*G23)-H23 -> 35.7
A24: F/C | B24: Jaden McDaniels | C24: 10 | D24: 13 | E24: 2 | F24: 1 | G24: 1 | H24: 1 | I24: =sum(C24+1.2*D24+1.5*E24+2*F24+2*G24)-H24 -> 31.6
A25: F/C | B25: Buddy Hield | C25: 13 | D25: 4 | E25: 1 | F25: 2 | G25: 0 | H25: 4 | I25: =sum(C25+1.2*D25+1.5*E25+2*F25+2*G25)-H25 -> 19.3
B26: Totals | C26: =SUM(C21:C25) -> 96 | D26: =SUM(D21:D25)*1.2 -> 43.2 | E26: =SUM(E21:E25)*1.5 -> 25.5 | F26: =SUM(F21:F25)*2 -> 14 | G26: =SUM(G21:G25)*2 -> 4 | H26: =SUM(H21:H25) *-1 -> -12 | I26: =SUM(C26:H26) -> 170.7
A28: Josh | I28: =I35 -> 122.1
A29: Position | B29: Player | C29: Points (1) | D29: Rebounds (1.2) | E29: Assists (1.5) | F29: Steals (2) | G29: Blocks (2) | H29: Turnovers (-1) | I29: Total
A30: G | B30: Jrue Holiday | C30: 4 | D30: 4 | E30: 3 | F30: 1 | G30: 0 | H30: 0 | I30: =sum(C30+1.2*D30+1.5*E30+2*F30+2*G30)-H30 -> 15.3
A31: G | B31: Payton Pritchard | C31: 12 | D31: 0 | E31: 0 | F31: 1 | G31: 0 | H31: 1 | I31: =sum(C31+1.2*D31+1.5*E31+2*F31+2*G31)-H31 -> 13
A32: F/C | B32: Julius Randle | C32: 31 | D32: 5 | E32: 3 | F32: 1 | G32: 1 | H32: 4 | I32: =sum(C32+1.2*D32+1.5*E32+2*F32+2*G32)-H32 -> 41.5
A33: F/C | B33: Jimmy Butler | C33: 14 | D33: 6 | E33: 3 | F33: 0 | G33: 1 | H33: 2 | I33: =sum(C33+1.2*D33+1.5*E33+2*F33+2*G33)-H33 -> 25.7
A34: F/C | B34: OG Anunoby | C34: 20 | D34: 3 | E34: 2 | F34: 0 | G34: 0 | H34: 0 | I34: =sum(C34+1.2*D34+1.5*E34+2*F34+2*G34)-H34 -> 26.6
B35: Totals | C35: =SUM(C30:C34) -> 81 | D35: =SUM(D30:D34)*1.2 -> 21.6 | E35: =SUM(E30:E34)*1.5 -> 16.5 | F35: =SUM(F30:F34)*2 -> 6 | G35: =SUM(G30:G34)*2 -> 4 | H35: =SUM(H30:H34) *-1 -> -7 | I35: =SUM(C35:H35) -> 122.1

Sheet 51125
A1: Mark | I1: =I8 -> 138.7
A2: Position | B2: Player | C2: Points (1) | D2: Rebounds (1.2) | E2: Assists (1.5) | F2: Steals (2) | G2: Blocks (2) | H2: Turnovers (-1) | I2: Total
A3: G | B3: Andrew Nembhard | C3: 7 | D3: 4 | E3: 7 | F3: 2 | G3: 0 | H3: 0 | I3: =sum(C3+1.2*D3+1.5*E3+2*F3+2*G3)-H3 -> 26.3
A4: G | B4: Christian Braun | C4: 17 | D4: 4 | E4: 2 | F4: 3 | G4: 1 | H4: 1 | I4: =sum(C4+1.2*D4+1.5*E4+2*F4+2*G4)-H4 -> 31.8
A5: F/C | B5: Nikola Jokic | C5: 27 | D5: 13 | E5: 3 | F5: 4 | G5: 0 | H5: 2 | I5: =sum(C5+1.2*D5+1.5*E5+2*F5+2*G5)-H5 -> 53.1
A6: F/C | B6: Chet Holmgren | C6: 8 | D6: 13 | E6: 0 | F6: 0 | G6: 0 | H6: 2 | I6: =sum(C6+1.2*D6+1.5*E6+2*F6+2*G6)-H6 -> 21.6
A7: F/C | B7: Jarrett Allen | C7: 2 | D7: 2 | E7: 1 | F7: 0 | G7: 1 | H7: 2 | I7: =sum(C7+1.2*D7+1.5*E7+2*F7+2*G7)-H7 -> 5.9
B8: Totals | C8: =SUM(C3:C7) -> 61 | D8: =SUM(D3:D7)*1.2 -> 43.2 | E8: =SUM(E3:E7)*1.5 -> 19.5 | F8: =SUM(F3:F7)*2 -> 18 | G8: =SUM(G3:G7)*2 -> 4 | H8: =SUM(H3:H7) *-1 -> -7 | I8: =SUM(C8:H8) -> 138.7
A10: Andy | I10: =I17 -> 122.2
A11: Position | B11: Player | C11: Points (1) | D11: Rebounds (1.2) | E11: Assists (1.5) | F11: Steals (2) | G11: Blocks (2) | H11: Turnovers (-1) | I11: Total
A12: G | B12: Shai Gilgeous-Alexander | C12: 25 | D12: 6 | E12: 6 | F12: 2 | G12: 0 | H12: 3 | I12: =sum(C12+1.2*D12+1.5*E12+2*F12+2*G12)-H12 -> 42.2
A13: G | B13: Russell Westbrook | C13: 6 | D13: 3 | E13: 1 | F13: 1 | G13: 0 | H13: 1 | I13: =sum(C13+1.2*D13+1.5*E13+2*F13+2*G13)-H13 -> 12.1
A14: F/C | B14: Evan Mobley | C14: 10 | D14: 5 | E14: 0 | F14: 1 | G14: 0 | H14: 2 | I14: =sum(C14+1.2*D14+1.5*E14+2*F14+2*G14)-H14 -> 16
A15: F/C | B15: Aaron Nesmith | C15: 12 | D15: 1 | E15: 4 | F15: 0 | G15: 0 | H15: 1 | I15: =sum(C15+1.2*D15+1.5*E15+2*F15+2*G15)-H15 -> 18.2
A16: F/C | B16: Pascal Siakam | C16: 21 | D16: 6 | E16: 3 | F16: 1 | G16: 0 | H16: 1 | I16: =sum(C16+1.2*D16+1.5*E16+2*F16+2*G16)-H16 -> 33.7
B17: Totals | C17: =SUM(C12:C16) -> 74 | D17: =SUM(D12:D16)*1.2 -> 25.2 | E17: =SUM(E12:E16)*1.5 -> 21 | F17: =SUM(F12:F16)*2 -> 10 | G17: =SUM(G12:G16)*2 -> 0 | H17: =SUM(H12:H16) *-1 -> -8 | I17: =SUM(C17:H17) -> 122.2
A19: Jon | I19: =I26 -> 116.7
A20: Position | B20: Player | C20: Points (1) | D20: Rebounds (1.2) | E20: Assists (1.5) | F20: Steals (2) | G20: Blocks (2) | H20: Turnovers (-1) | I20: Total
A21: G | B21: Donovan Mitchell | C21: 12 | D21: 1 | E21: 0 | F21: 1 | G21: 1 | H21: 2 | I21: =sum(C21+1.2*D21+1.5*E21+2*F21+2*G21)-H21 -> 15.2
A22: G | B22: Tyrese Haliburton | C22: 11 | D22: 5 | E22: 5 | F22: 0 | G22: 0 | H22: 2 | I22: =sum(C22+1.2*D22+1.5*E22+2*F22+2*G22)-H22 -> 22.5
A23: F/C | B23: Myles Turner | C23: 20 | D23: 7 | E23: 3 | F23: 0 | G23: 0 | H23: 1 | I23: =sum(C23+1.2*D23+1.5*E23+2*F23+2*G23)-H23 -> 31.9
A24: F/C | B24: Isaiah Hartenstein | C24: 8 | D24: 14 | E24: 3 | F24: 1 | G24: 1 | H24: 1 | I24: =sum(C24+1.2*D24+1.5*E24+2*F24+2*G24)-H24 -> 32.3
A25: F/C | B25: Michael Porter Jr. | C25: 3 | D25: 9 | E25: 0 | F25: 0 | G25: 1 | H25: 1 | I25: =sum(C25+1.2*D25+1.5*E25+2*F25+2*G25)-H25 -> 14.8
B26: Totals | C26: =SUM(C21:C25) -> 54 | D26: =SUM(D21:D25)*1.2 -> 43.2 | E26: =SUM(E21:E25)*1.5 -> 16.5 | F26: =SUM(F21:F25)*2 -> 4 | G26: =SUM(G21:G25)*2 -> 6 | H26: =SUM(H21:H25) *-1 -> -7 | I26: =SUM(C26:H26) -> 116.7
A28: Josh | I28: =I35 -> 149.5
A29: Position | B29: Player | C29: Points (1) | D29: Rebounds (1.2) | E29: Assists (1.5) | F29: Steals (2) | G29: Blocks (2) | H29: Turnovers (-1) | I29: Total
A30: G | B30: Jamal Murray | C30: 17 | D30: 4 | E30: 5 | F30: 1 | G30: 0 | H30: 4 | I30: =sum(C30+1.2*D30+1.5*E30+2*F30+2*G30)-H30 -> 27.3
A31: G | B31: Darius Garland | C31: 21 | D31: 1 | E31: 6 | F31: 1 | G31: 0 | H31: 3 | I31: =sum(C31+1.2*D31+1.5*E31+2*F31+2*G31)-H31 -> 30.2
A32: F/C | B32: Jalen Williams | C32: 10 | D32: 3 | E32: 5 | F32: 3 | G32: 1 | H32: 1 | I32: =sum(C32+1.2*D32+1.5*E32+2*F32+2*G32)-H32 -> 28.1
A33: F/C | B33: Aaron Gordon | C33: 15 | D33: 16 | E33: 6 | F33: 0 | G33: 1 | H33: 4 | I33: =sum(C33+1.2*D33+1.5*E33+2*F33+2*G33)-H33 -> 41.2
A34: F/C | B34: Max Strus | C34: 11 | D34: 6 | E34: 3 | F34: 1 | G34: 0 | H34: 2 | I34: =sum(C34+1.2*D34+1.5*E34+2*F34+2*G34)-H34 -> 22.7
B35: Totals | C35: =SUM(C30:C34) -> 74 | D35: =SUM(D30:D34)*1.2 -> 36 | E35: =SUM(E30:E34)*1.5 -> 37.5 | F35: =SUM(F30:F34)*2 -> 12 | G35: =SUM(G30:G34)*2 -> 4 | H35: =SUM(H30:H34) *-1 -> -14 | I35: =SUM(C35:H35) -> 149.5

Sheet 51025
A1: Andy | I1: =I8 -> 122
A2: Position | B2: Player | C2: Points (1) | D2: Rebounds (1.2) | E2: Assists (1.5) | F2: Steals (2) | G2: Blocks (2) | H2: Turnovers (-1) | I2: Total
A3: G | B3: Anthony Edwards | C3: 36 | D3: 4 | E3: 4 | F3: 0 | G3: 1 | H3: 3 | I3: =sum(C3+1.2*D3+1.5*E3+2*F3+2*G3)-H3 -> 45.8
A4: G | B4: Derrick White | C4: 17 | D4: 5 | E4: 2 | F4: 1 | G4: 1 | H4: 0 | I4: =sum(C4+1.2*D4+1.5*E4+2*F4+2*G4)-H4 -> 30
A5: F/C | B5: OG Anunoby | C5: 2 | D5: 2 | E5: 1 | F5: 0 | G5: 0 | H5: 1 | I5: =sum(C5+1.2*D5+1.5*E5+2*F5+2*G5)-H5 -> 4.9
A6: F/C | B6: Naz Reid | C6: 9 | D6: 3 | E6: 2 | F6: 0 | G6: 0 | H6: 2 | I6: =sum(C6+1.2*D6+1.5*E6+2*F6+2*G6)-H6 -> 13.6
A7: F/C | B7: Jaden McDaniels | C7: 15 | D7: 6 | E7: 1 | F7: 1 | G7: 2 | H7: 2 | I7: =sum(C7+1.2*D7+1.5*E7+2*F7+2*G7)-H7 -> 27.7
B8: Totals | C8: =SUM(C3:C7) -> 79 | D8: =SUM(D3:D7)*1.2 -> 24 | E8: =SUM(E3:E7)*1.5 -> 15 | F8: =SUM(F3:F7)*2 -> 4 | G8: =SUM(G3:G7)*2 -> 8 | H8: =SUM(H3:H7) *-1 -> -8 | I8: =SUM(C8:H8) -> 122
A10: Mark | I10: =I17 -> 121.5
A11: Position | B11: Player | C11: Points (1) | D11: Rebounds (1.2) | E11: Assists (1.5) | F11: Steals (2) | G11: Blocks (2) | H11: Turnovers (-1) | I11: Total
A12: G | B12: Jrue Holiday | C12: 8 | D12: 2 | E12: 4 | F12: 1 | G12: 0 | H12: 3 | I12: =sum(C12+1.2*D12+1.5*E12+2*F12+2*G12)-H12 -> 15.4
A13: G | B13: Donte DiVincenzo | C13: 2 | D13: 2 | E13: 0 | F13: 0 | G13: 0 | H13: 3 | I13: =sum(C13+1.2*D13+1.5*E13+2*F13+2*G13)-H13 -> 1.4
A14: F/C | B14: Jayson Tatum | C14: 22 | D14: 9 | E14: 7 | F14: 2 | G14: 0 | H14: 3 | I14: =sum(C14+1.2*D14+1.5*E14+2*F14+2*G14)-H14 -> 44.3
A15: F/C | B15: Jaylen Brown | C15: 19 | D15: 6 | E15: 5 | F15: 1 | G15: 1 | H15: 2 | I15: =sum(C15+1.2*D15+1.5*E15+2*F15+2*G15)-H15 -> 35.7
A16: F/C | B16: Josh Hart | C16: 10 | D16: 6 | E16: 3 | F16: 0 | G16: 2 | H16: 1 | I16: =sum(C16+1.2*D16+1.5*E16+2*F16+2*G16)-H16 -> 24.7
B17: Totals | C17: =SUM(C12:C16) -> 61 | D17: =SUM(D12:D16)*1.2 -> 30 | E17: =SUM(E12:E16)*1.5 -> 28.5 | F17: =SUM(F12:F16)*2 -> 8 | G17: =SUM(G12:G16)*2 -> 6 | H17: =SUM(H12:H16) *-1 -> -12 | I17: =SUM(C17:H17) -> 121.5
A19: Jon | I19: =I26 -> 138.6
A20: Position | B20: Player | C20: Points (1) | D20: Rebounds (1.2) | E20: Assists (1.5) | F20: Steals (2) | G20: Blocks (2) | H20: Turnovers (-1) | I20: Total
A21: G | B21: Jalen Brunson | C21: 27 | D21: 4 | E21: 7 | F21: 1 | G21: 0 | H21: 4 | I21: =sum(C21+1.2*D21+1.5*E21+2*F21+2*G21)-H21 -> 40.3
A22: G | B22: Mikal Bridges | C22: 12 | D22: 3 | E22: 2 | F22: 2 | G22: 0 | H22: 2 | I22: =sum(C22+1.2*D22+1.5*E22+2*F22+2*G22)-H22 -> 20.6
A23: F/C | B23: Karl-Anthony Towns | C23: 21 | D23: 15 | E23: 0 | F23: 0 | G23: 0 | H23: 1 | I23: =sum(C23+1.2*D23+1.5*E23+2*F23+2*G23)-H23 -> 38
A24: F/C | B24: Draymond Green | C24: 2 | D24: 2 | E24: 4 | F24: 2 | G24: 0 | H24: 5 | I24: =sum(C24+1.2*D24+1.5*E24+2*F24+2*G24)-H24 -> 9.4
A25: F/C | B25: Buddy Hield | C25: 14 | D25: 4 | E25: 5 | F25: 0 | G25: 2 | H25: 0 | I25: =sum(C25+1.2*D25+1.5*E25+2*F25+2*G25)-H25 -> 30.3
B26: Totals | C26: =SUM(C21:C25) -> 76 | D26: =SUM(D21:D25)*1.2 -> 33.6 | E26: =SUM(E21:E25)*1.5 -> 27 | F26: =SUM(F21:F25)*2 -> 10 | G26: =SUM(G21:G25)*2 -> 4 | H26: =SUM(H21:H25) *-1 -> -12 | I26: =SUM(C26:H26) -> 138.6
A28: Josh | I28: =I35 -> 186.9
A29: Position | B29: Player | C29: Points (1) | D29: Rebounds (1.2) | E29: Assists (1.5) | F29: Steals (2) | G29: Blocks (2) | H29: Turnovers (-1) | I29: Total
A30: G | B30: Brandin Podziemski | C30: 5 | D30: 8 | E30: 2 | F30: 1 | G30: 0 | H30: 1 | I30: =sum(C30+1.2*D30+1.5*E30+2*F30+2*G30)-H30 -> 18.6
A31: G | B31: Payton Pritchard | C31: 23 | D31: 4 | E31: 2 | F31: 1 | G31: 0 | H31: 0 | I31: =sum(C31+1.2*D31+1.5*E31+2*F31+2*G31)-H31 -> 32.8
A32: F/C | B32: Jimmy Butler | C32: 33 | D32: 7 | E32: 7 | F32: 0 | G32: 0 | H32: 4 | I32: =sum(C32+1.2*D32+1.5*E32+2*F32+2*G32)-H32 -> 47.9
A33: F/C | B33: Julius Randle | C33: 24 | D33: 10 | E33: 12 | F33: 3 | G33: 0 | H33: 4 | I33: =sum(C33+1.2*D33+1.5*E33+2*F33+2*G33)-H33 -> 56
A34: F/C | B34: Rudy Gobert | C34: 9 | D34: 13 | E34: 0 | F34: 0 | G34: 4 | H34: 1 | I34: =sum(C34+1.2*D34+1.5*E34+2*F34+2*G34)-H34 -> 31.6
B35: Totals | C35: =SUM(C30:C34) -> 94 | D35: =SUM(D30:D34)*1.2 -> 50.4 | E35: =SUM(E30:E34)*1.5 -> 34.5 | F35: =SUM(F30:F34)*2 -> 10 | G35: =SUM(G30:G34)*2 -> 8 | H35: =SUM(H30:H34) *-1 -> -10 | I35: =SUM(C35:H35) -> 186.9

Sheet 5825
A1: Jon | I1: =I8 -> 184.9
A2: Position | B2: Player | C2: Points (1) | D2: Rebounds (1.2) | E2: Assists (1.5) | F2: Steals (2) | G2: Blocks (2) | H2: Turnovers (-1) | I2: Total
A3: G | B3: Jamal Murray | C3: 27 | D3: 4 | E3: 8 | F3: 4 | G3: 1 | H3: 2 | I3: =sum(C3+1.2*D3+1.5*E3+2*F3+2*G3)-H3 -> 51.8
A4: G | B4: Andrew Nembhard | C4: 10 | D4: 4 | E4: 4 | F4: 1 | G4: 1 | H4: 3 | I4: =sum(C4+1.2*D4+1.5*E4+2*F4+2*G4)-H4 -> 21.8
A5: F/C | B5: Nikola Jokic | C5: 20 | D5: 16 | E5: 6 | F5: 2 | G5: 2 | H5: 8 | I5: =sum(C5+1.2*D5+1.5*E5+2*F5+2*G5)-H5 -> 48.2
A6: F/C | B6: Chet Holmgren | C6: 18 | D6: 16 | E6: 0 | F6: 1 | G6: 3 | H6: 3 | I6: =sum(C6+1.2*D6+1.5*E6+2*F6+2*G6)-H6 -> 42.2
A7: F/C | B7: Aaron Nesmith | C7: 7 | D7: 7 | E7: 1 | F7: 0 | G7: 2 | H7: 0 | I7: =sum(C7+1.2*D7+1.5*E7+2*F7+2*G7)-H7 -> 20.9
B8: Totals | C8: =SUM(C3:C7) -> 82 | D8: =SUM(D3:D7)*1.2 -> 56.4 | E8: =SUM(E3:E7)*1.5 -> 28.5 | F8: =SUM(F3:F7)*2 -> 16 | G8: =SUM(G3:G7)*2 -> 18 | H8: =SUM(H3:H7) *-1 -> -16 | I8: =SUM(C8:H8) -> 184.9
A10: Josh | I10: =I17 -> 193.6
A11: Position | B11: Player | C11: Points (1) | D11: Rebounds (1.2) | E11: Assists (1.5) | F11: Steals (2) | G11: Blocks (2) | H11: Turnovers (-1) | I11: Total
A12: G | B12: Anthony Edwards | C12: 20 | D12: 9 | E12: 5 | F12: 3 | G12: 1 | H12: 1 | I12: =sum(C12+1.2*D12+1.5*E12+2*F12+2*G12)-H12 -> 45.3
A13: G | B13: Russell Westbrook | C13: 8 | D13: 1 | E13: 4 | F13: 2 | G13: 0 | H13: 0 | I13: =sum(C13+1.2*D13+1.5*E13+2*F13+2*G13)-H13 -> 19.2
A14: F/C | B14: Jalen Williams | C14: 32 | D14: 3 | E14: 5 | F14: 0 | G14: 0 | H14: 3 | I14: =sum(C14+1.2*D14+1.5*E14+2*F14+2*G14)-H14 -> 40.1
A15: F/C | B15: Jarrett Allen | C15: 19 | D15: 12 | E15: 2 | F15: 0 | G15: 2 | H15: 3 | I15: =sum(C15+1.2*D15+1.5*E15+2*F15+2*G15)-H15 -> 37.4
A16: F/C | B16: Evan Mobley | C16: 18 | D16: 13 | E16: 4 | F16: 3 | G16: 3 | H16: 0 | I16: =sum(C16+1.2*D16+1.5*E16+2*F16+2*G16)-H16 -> 51.6
B17: Totals | C17: =SUM(C12:C16) -> 97 | D17: =SUM(D12:D16)*1.2 -> 45.6 | E17: =SUM(E12:E16)*1.5 -> 30 | F17: =SUM(F12:F16)*2 -> 16 | G17: =SUM(G12:G16)*2 -> 12 | H17: =SUM(H12:H16) *-1 -> -7 | I17: =SUM(C17:H17) -> 193.6
A19: Andy | I19: =I26 -> 147.3
A20: Position | B20: Player | C20: Points (1) | D20: Rebounds (1.2) | E20: Assists (1.5) | F20: Steals (2) | G20: Blocks (2) | H20: Turnovers (-1) | I20: Total
A21: G | B21: Shai Gilgeous-Alexander | C21: 18 | D21: 13 | E21: 7 | F21: 2 | G21: 0 | H21: 1 | I21: =sum(C21+1.2*D21+1.5*E21+2*F21+2*G21)-H21 -> 47.1
A22: G | B22: Tyrese Haliburton | C22: 4 | D22: 0 | E22: 5 | F22: 1 | G22: 0 | H22: 3 | I22: =sum(C22+1.2*D22+1.5*E22+2*F22+2*G22)-H22 -> 10.5
A23: F/C | B23: Julius Randle | C23: 24 | D23: 7 | E23: 11 | F23: 0 | G23: 0 | H23: 2 | I23: =sum(C23+1.2*D23+1.5*E23+2*F23+2*G23)-H23 -> 46.9
A24: F/C | B24: Rudy Gobert | C24: 5 | D24: 9 | E24: 0 | F24: 0 | G24: 0 | H24: 3 | I24: =sum(C24+1.2*D24+1.5*E24+2*F24+2*G24)-H24 -> 12.8
A25: F/C | B25: Isaiah Hartenstein | C25: 10 | D25: 10 | E25: 4 | F25: 1 | G25: 1 | H25: 2 | I25: =sum(C25+1.2*D25+1.5*E25+2*F25+2*G25)-H25 -> 30
B26: Totals | C26: =SUM(C21:C25) -> 61 | D26: =SUM(D21:D25)*1.2 -> 46.8 | E26: =SUM(E21:E25)*1.5 -> 40.5 | F26: =SUM(F21:F25)*2 -> 8 | G26: =SUM(G21:G25)*2 -> 2 | H26: =SUM(H21:H25) *-1 -> -11 | I26: =SUM(C26:H26) -> 147.3
A28: Mark | I28: =I35 -> 156.3
A29: Position | B29: Player | C29: Points (1) | D29: Rebounds (1.2) | E29: Assists (1.5) | F29: Steals (2) | G29: Blocks (2) | H29: Turnovers (-1) | I29: Total
A30: G | B30: Donovan Mitchell | C30: 43 | D30: 9 | E30: 5 | F30: 1 | G30: 0 | H30: 2 | I30: =sum(C30+1.2*D30+1.5*E30+2*F30+2*G30)-H30 -> 61.3
A31: G | B31: Darius Garland | C31: 10 | D31: 1 | E31: 3 | F31: 0 | G31: 0 | H31: 4 | I31: =sum(C31+1.2*D31+1.5*E31+2*F31+2*G31)-H31 -> 11.7
A32: F/C | B32: Jimmy Butler | C32: 17 | D32: 7 | E32: 4 | F32: 1 | G32: 0 | H32: 2 | I32: =sum(C32+1.2*D32+1.5*E32+2*F32+2*G32)-H32 -> 31.4
A33: F/C | B33: Pascal Siakam | C33: 18 | D33: 4 | E33: 3 | F33: 0 | G33: 0 | H33: 1 | I33: =sum(C33+1.2*D33+1.5*E33+2*F33+2*G33)-H33 -> 26.3
A34: F/C | B34: Myles Turner | C34: 15 | D34: 3 | E34: 0 | F34: 1 | G34: 3 | H34: 1 | I34: =sum(C34+1.2*D34+1.5*E34+2*F34+2*G34)-H34 -> 25.6
B35: Totals | C35: =SUM(C30:C34) -> 103 | D35: =SUM(D30:D34)*1.2 -> 28.8 | E35: =SUM(E30:E34)*1.5 -> 22.5 | F35: =SUM(F30:F34)*2 -> 6 | G35: =SUM(G30:G34)*2 -> 6 | H35: =SUM(H30:H34) *-1 -> -10 | I35: =SUM(C35:H35) -> 156.3

Sheet 5725
A1: Andy | I1: =I8 -> 165.4
A2: Position | B2: Player | C2: Points (1) | D2: Rebounds (1.2) | E2: Assists (1.5) | F2: Steals (2) | G2: Blocks (2) | H2: Turnovers (-1) | I2: Total
A3: G | B3: Derrick White | C3: 20 | D3: 9 | E3: 5 | F3: 0 | G3: 2 | H3: 0 | I3: =sum(C3+1.2*D3+1.5*E3+2*F3+2*G3)-H3 -> 42.3
A4: G | B4: Jrue Holiday | C4: 10 | D4: 3 | E4: 5 | F4: 1 | G4: 0 | H4: 4 | I4: =sum(C4+1.2*D4+1.5*E4+2*F4+2*G4)-H4 -> 19.1
A5: F/C | B5: Nikola Jokic | C5: 17 | D5: 8 | E5: 6 | F5: 1 | G5: 1 | H5: 6 | I5: =sum(C5+1.2*D5+1.5*E5+2*F5+2*G5)-H5 -> 33.6
A6: F/C | B6: Jalen Williams | C6: 17 | D6: 4 | E6: 7 | F6: 0 | G6: 2 | H6: 1 | I6: =sum(C6+1.2*D6+1.5*E6+2*F6+2*G6)-H6 -> 35.3
A7: F/C | B7: Isaiah Hartenstein | C7: 14 | D7: 8 | E7: 5 | F7: 1 | G7: 1 | H7: 0 | I7: =sum(C7+1.2*D7+1.5*E7+2*F7+2*G7)-H7 -> 35.1
B8: Totals | C8: =SUM(C3:C7) -> 78 | D8: =SUM(D3:D7)*1.2 -> 38.4 | E8: =SUM(E3:E7)*1.5 -> 42 | F8: =SUM(F3:F7)*2 -> 6 | G8: =SUM(G3:G7)*2 -> 12 | H8: =SUM(H3:H7) *-1 -> -11 | I8: =SUM(C8:H8) -> 165.4
A10: Jon | I10: =I17 -> 123.2
A11: Position | B11: Player | C11: Points (1) | D11: Rebounds (1.2) | E11: Assists (1.5) | F11: Steals (2) | G11: Blocks (2) | H11: Turnovers (-1) | I11: Total
A12: G | B12: Jamal Murray | C12: 14 | D12: 4 | E12: 1 | F12: 0 | G12: 1 | H12: 2 | I12: =sum(C12+1.2*D12+1.5*E12+2*F12+2*G12)-H12 -> 20.3
A13: G | B13: Christian Braun | C13: 3 | D13: 2 | E13: 0 | F13: 0 | G13: 1 | H13: 2 | I13: =sum(C13+1.2*D13+1.5*E13+2*F13+2*G13)-H13 -> 5.4
A14: F/C | B14: Jayson Tatum | C14: 13 | D14: 14 | E14: 5 | F14: 3 | G14: 1 | H14: 3 | I14: =sum(C14+1.2*D14+1.5*E14+2*F14+2*G14)-H14 -> 42.3
A15: F/C | B15: Chet Holmgren | C15: 15 | D15: 11 | E15: 2 | F15: 2 | G15: 2 | H15: 0 | I15: =sum(C15+1.2*D15+1.5*E15+2*F15+2*G15)-H15 -> 39.2
A16: F/C | B16: Michael Porter Jr. | C16: 8 | D16: 5 | E16: 0 | F16: 1 | G16: 0 | H16: 0 | I16: =sum(C16+1.2*D16+1.5*E16+2*F16+2*G16)-H16 -> 16
B17: Totals | C17: =SUM(C12:C16) -> 53 | D17: =SUM(D12:D16)*1.2 -> 43.2 | E17: =SUM(E12:E16)*1.5 -> 12 | F17: =SUM(F12:F16)*2 -> 12 | G17: =SUM(G12:G16)*2 -> 10 | H17: =SUM(H12:H16) *-1 -> -7 | I17: =SUM(C17:H17) -> 123.2
A19: Mark | I19: =I26 -> 169.6
A20: Position | B20: Player | C20: Points (1) | D20: Rebounds (1.2) | E20: Assists (1.5) | F20: Steals (2) | G20: Blocks (2) | H20: Turnovers (-1) | I20: Total
A21: G | B21: Shai Gilgeous-Alexander | C21: 34 | D21: 4 | E21: 8 | F21: 0 | G21: 0 | H21: 2 | I21: =sum(C21+1.2*D21+1.5*E21+2*F21+2*G21)-H21 -> 48.8
A22: G | B22: Russell Westbrook | C22: 19 | D22: 1 | E22: 5 | F22: 0 | G22: 0 | H22: 4 | I22: =sum(C22+1.2*D22+1.5*E22+2*F22+2*G22)-H22 -> 23.7
A23: F/C | B23: Karl-Anthony Towns | C23: 21 | D23: 17 | E23: 1 | F23: 0 | G23: 1 | H23: 4 | I23: =sum(C23+1.2*D23+1.5*E23+2*F23+2*G23)-H23 -> 40.9
A24: F/C | B24: Josh Hart | C24: 23 | D24: 6 | E24: 3 | F24: 0 | G24: 2 | H24: 2 | I24: =sum(C24+1.2*D24+1.5*E24+2*F24+2*G24)-H24 -> 36.7
A25: F/C | B25: OG Anunoby | C25: 5 | D25: 5 | E25: 1 | F25: 4 | G25: 1 | H25: 3 | I25: =sum(C25+1.2*D25+1.5*E25+2*F25+2*G25)-H25 -> 19.5
B26: Totals | C26: =SUM(C21:C25) -> 102 | D26: =SUM(D21:D25)*1.2 -> 39.6 | E26: =SUM(E21:E25)*1.5 -> 27 | F26: =SUM(F21:F25)*2 -> 8 | G26: =SUM(G21:G25)*2 -> 8 | H26: =SUM(H21:H25) *-1 -> -15 | I26: =SUM(C26:H26) -> 169.6
A28: Josh | I28: =I35 -> 126
A29: Position | B29: Player | C29: Points (1) | D29: Rebounds (1.2) | E29: Assists (1.5) | F29: Steals (2) | G29: Blocks (2) | H29: Turnovers (-1) | I29: Total
A30: G | B30: Jalen Brunson | C30: 17 | D30: 3 | E30: 7 | F30: 0 | G30: 1 | H30: 2 | I30: =sum(C30+1.2*D30+1.5*E30+2*F30+2*G30)-H30 -> 31.1
A31: G | B31: Mikal Bridges | C31: 14 | D31: 7 | E31: 5 | F31: 3 | G31: 0 | H31: 2 | I31: =sum(C31+1.2*D31+1.5*E31+2*F31+2*G31)-H31 -> 33.9
A32: F/C | B32: Jaylen Brown | C32: 20 | D32: 6 | E32: 1 | F32: 2 | G32: 0 | H32: 6 | I32: =sum(C32+1.2*D32+1.5*E32+2*F32+2*G32)-H32 -> 26.7
A33: F/C | B33: Aaron Gordon | C33: 10 | D33: 5 | E33: 1 | F33: 0 | G33: 1 | H33: 1 | I33: =sum(C33+1.2*D33+1.5*E33+2*F33+2*G33)-H33 -> 18.5
A34: F/C | B34: Al Horford | C34: 4 | D34: 4 | E34: 0 | F34: 3 | G34: 1 | H34: 1 | I34: =sum(C34+1.2*D34+1.5*E34+2*F34+2*G34)-H34 -> 15.8
B35: Totals | C35: =SUM(C30:C34) -> 65 | D35: =SUM(D30:D34)*1.2 -> 30 | E35: =SUM(E30:E34)*1.5 -> 21 | F35: =SUM(F30:F34)*2 -> 16 | G35: =SUM(G30:G34)*2 -> 6 | H35: =SUM(H30:H34) *-1 -> -12 | I35: =SUM(C35:H35) -> 126

Sheet 5625
A1: Mark | I1: =I8 -> 159.6
A2: Position | B2: Player | C2: Points (1) | D2: Rebounds (1.2) | E2: Assists (1.5) | F2: Steals (2) | G2: Blocks (2) | H2: Turnovers (-1) | I2: Total
A3: G | B3: Anthony Edwards | C3: 23 | D3: 14 | E3: 2 | F3: 3 | G3: 1 | H3: 3 | I3: =sum(C3+1.2*D3+1.5*E3+2*F3+2*G3)-H3 -> 47.8
A4: G | B4: Ty Jerome | C4: 2 | D4: 2 | E4: 3 | F4: 0 | G4: 0 | H4: 2 | I4: =sum(C4+1.2*D4+1.5*E4+2*F4+2*G4)-H4 -> 6.9
A5: F/C | B5: Pascal Siakam | C5: 12 | D5: 6 | E5: 4 | F5: 0 | G5: 0 | H5: 2 | I5: =sum(C5+1.2*D5+1.5*E5+2*F5+2*G5)-H5 -> 23.2
A6: F/C | B6: Myles Turner | C6: 23 | D6: 8 | E6: 1 | F6: 1 | G6: 5 | H6: 1 | I6: =sum(C6+1.2*D6+1.5*E6+2*F6+2*G6)-H6 -> 45.1
A7: F/C | B7: Max Strus | C7: 23 | D7: 8 | E7: 4 | F7: 0 | G7: 0 | H7: 2 | I7: =sum(C7+1.2*D7+1.5*E7+2*F7+2*G7)-H7 -> 36.6
B8: Totals | C8: =SUM(C3:C7) -> 83 | D8: =SUM(D3:D7)*1.2 -> 45.6 | E8: =SUM(E3:E7)*1.5 -> 21 | F8: =SUM(F3:F7)*2 -> 8 | G8: =SUM(G3:G7)*2 -> 12 | H8: =SUM(H3:H7) *-1 -> -10 | I8: =SUM(C8:H8) -> 159.6
A10: Josh | I10: =I17 -> 219.6
A11: Position | B11: Player | C11: Points (1) | D11: Rebounds (1.2) | E11: Assists (1.5) | F11: Steals (2) | G11: Blocks (2) | H11: Turnovers (-1) | I11: Total
A12: G | B12: Donovan Mitchell | C12: 48 | D12: 5 | E12: 9 | F12: 4 | G12: 1 | H12: 5 | I12: =sum(C12+1.2*D12+1.5*E12+2*F12+2*G12)-H12 -> 72.5
A13: G | B13: Andrew Nembhard | C13: 13 | D13: 7 | E13: 13 | F13: 2 | G13: 0 | H13: 8 | I13: =sum(C13+1.2*D13+1.5*E13+2*F13+2*G13)-H13 -> 36.9
A14: F/C | B14: Jarrett Allen | C14: 22 | D14: 12 | E14: 3 | F14: 0 | G14: 3 | H14: 4 | I14: =sum(C14+1.2*D14+1.5*E14+2*F14+2*G14)-H14 -> 42.9
A15: F/C | B15: Rudy Gobert | C15: 9 | D15: 11 | E15: 0 | F15: 0 | G15: 3 | H15: 1 | I15: =sum(C15+1.2*D15+1.5*E15+2*F15+2*G15)-H15 -> 27.2
A16: F/C | B16: Buddy Hield | C16: 24 | D16: 8 | E16: 3 | F16: 1 | G16: 0 | H16: 0 | I16: =sum(C16+1.2*D16+1.5*E16+2*F16+2*G16)-H16 -> 40.1
B17: Totals | C17: =SUM(C12:C16) -> 116 | D17: =SUM(D12:D16)*1.2 -> 51.6 | E17: =SUM(E12:E16)*1.5 -> 42 | F17: =SUM(F12:F16)*2 -> 14 | G17: =SUM(G12:G16)*2 -> 14 | H17: =SUM(H12:H16) *-1 -> -18 | I17: =SUM(C17:H17) -> 219.6
A19: Andy | I19: =I26 -> 137.4
A20: Position | B20: Player | C20: Points (1) | D20: Rebounds (1.2) | E20: Assists (1.5) | F20: Steals (2) | G20: Blocks (2) | H20: Turnovers (-1) | I20: Total
A21: G | B21: Tyrese Haliburton | C21: 19 | D21: 9 | E21: 4 | F21: 0 | G21: 1 | H21: 0 | I21: =sum(C21+1.2*D21+1.5*E21+2*F21+2*G21)-H21 -> 37.8
A22: G | B22: Brandin Podziemski | C22: 3 | D22: 8 | E22: 3 | F22: 0 | G22: 0 | H22: 2 | I22: =sum(C22+1.2*D22+1.5*E22+2*F22+2*G22)-H22 -> 15.1
A23: F/C | B23: Julius Randle | C23: 18 | D23: 3 | E23: 6 | F23: 0 | G23: 0 | H23: 3 | I23: =sum(C23+1.2*D23+1.5*E23+2*F23+2*G23)-H23 -> 27.6
A24: F/C | B24: Jaden McDaniels | C24: 12 | D24: 4 | E24: 1 | F24: 0 | G24: 1 | H24: 0 | I24: =sum(C24+1.2*D24+1.5*E24+2*F24+2*G24)-H24 -> 20.3
A25: F/C | B25: Draymond Green | C25: 18 | D25: 8 | E25: 6 | F25: 2 | G25: 0 | H25: 4 | I25: =sum(C25+1.2*D25+1.5*E25+2*F25+2*G25)-H25 -> 36.6
B26: Totals | C26: =SUM(C21:C25) -> 70 | D26: =SUM(D21:D25)*1.2 -> 38.4 | E26: =SUM(E21:E25)*1.5 -> 30 | F26: =SUM(F21:F25)*2 -> 4 | G26: =SUM(G21:G25)*2 -> 4 | H26: =SUM(H21:H25) *-1 -> -9 | I26: =SUM(C26:H26) -> 137.4
A28: Jon | I28: =I35 -> 141.3
A29: Position | B29: Player | C29: Points (1) | D29: Rebounds (1.2) | E29: Assists (1.5) | F29: Steals (2) | G29: Blocks (2) | H29: Turnovers (-1) | I29: Total
A30: G | B30: Steph Curry | C30: 13 | D30: 1 | E30: 1 | F30: 0 | G30: 0 | H30: 1 | I30: =sum(C30+1.2*D30+1.5*E30+2*F30+2*G30)-H30 -> 14.7
A31: G | B31: Donte DiVincenzo | C31: 7 | D31: 3 | E31: 4 | F31: 1 | G31: 0 | H31: 4 | I31: =sum(C31+1.2*D31+1.5*E31+2*F31+2*G31)-H31 -> 14.6
A32: F/C | B32: Jimmy Butler | C32: 20 | D32: 11 | E32: 8 | F32: 2 | G32: 0 | H32: 1 | I32: =sum(C32+1.2*D32+1.5*E32+2*F32+2*G32)-H32 -> 48.2
A33: F/C | B33: Naz Reid | C33: 19 | D33: 5 | E33: 1 | F33: 1 | G33: 1 | H33: 4 | I33: =sum(C33+1.2*D33+1.5*E33+2*F33+2*G33)-H33 -> 26.5
A34: F/C | B34: Aaron Nesmith | C34: 23 | D34: 4 | E34: 1 | F34: 1 | G34: 3 | H34: 0 | I34: =sum(C34+1.2*D34+1.5*E34+2*F34+2*G34)-H34 -> 37.3
B35: Totals | C35: =SUM(C30:C34) -> 82 | D35: =SUM(D30:D34)*1.2 -> 28.8 | E35: =SUM(E30:E34)*1.5 -> 22.5 | F35: =SUM(F30:F34)*2 -> 10 | G35: =SUM(G30:G34)*2 -> 8 | H35: =SUM(H30:H34) *-1 -> -10 | I35: =SUM(C35:H35) -> 141.3

Sheet 5525
A1: Josh | I1: =I8 -> 172
A2: Position | B2: Player | C2: Points (1) | D2: Rebounds (1.2) | E2: Assists (1.5) | F2: Steals (2) | G2: Blocks (2) | H2: Turnovers (-1) | I2: Total
A3: G | B3: Jamal Murray | C3: 21 | D3: 6 | E3: 6 | F3: 1 | G3: 0 | H3: 4 | I3: =sum(C3+1.2*D3+1.5*E3+2*F3+2*G3)-H3 -> 35.2
A4: G | B4: Russell Westbrook | C4: 18 | D4: 2 | E4: 2 | F4: 0 | G4: 0 | H4: 3 | I4: =sum(C4+1.2*D4+1.5*E4+2*F4+2*G4)-H4 -> 20.4
A5: F/C | B5: Nikola Jokic | C5: 42 | D5: 22 | E5: 6 | F5: 1 | G5: 2 | H5: 7 | I5: =sum(C5+1.2*D5+1.5*E5+2*F5+2*G5)-H5 -> 76.4
A6: F/C | B6: Chet Holmgren | C6: 12 | D6: 6 | E6: 2 | F6: 1 | G6: 4 | H6: 2 | I6: =sum(C6+1.2*D6+1.5*E6+2*F6+2*G6)-H6 -> 30.2
A7: F/C | B7: Michael Porter Jr. | C7: 2 | D7: 4 | E7: 0 | F7: 1 | G7: 1 | H7: 1 | I7: =sum(C7+1.2*D7+1.5*E7+2*F7+2*G7)-H7 -> 9.8
B8: Totals | C8: =SUM(C3:C7) -> 95 | D8: =SUM(D3:D7)*1.2 -> 48 | E8: =SUM(E3:E7)*1.5 -> 24 | F8: =SUM(F3:F7)*2 -> 8 | G8: =SUM(G3:G7)*2 -> 14 | H8: =SUM(H3:H7) *-1 -> -17 | I8: =SUM(C8:H8) -> 172
A10: Andy | I10: =I17 -> 193.1
A11: Position | B11: Player | C11: Points (1) | D11: Rebounds (1.2) | E11: Assists (1.5) | F11: Steals (2) | G11: Blocks (2) | H11: Turnovers (-1) | I11: Total
A12: G | B12: Shai Gilgeous-Alexander | C12: 33 | D12: 10 | E12: 8 | F12: 2 | G12: 1 | H12: 1 | I12: =sum(C12+1.2*D12+1.5*E12+2*F12+2*G12)-H12 -> 62
A13: G | B13: Mikal Bridges | C13: 8 | D13: 6 | E13: 7 | F13: 3 | G13: 2 | H13: 1 | I13: =sum(C13+1.2*D13+1.5*E13+2*F13+2*G13)-H13 -> 34.7
A14: F/C | B14: Jalen Williams | C14: 16 | D14: 7 | E14: 4 | F14: 2 | G14: 2 | H14: 1 | I14: =sum(C14+1.2*D14+1.5*E14+2*F14+2*G14)-H14 -> 37.4
A15: F/C | B15: Josh Hart | C15: 14 | D15: 11 | E15: 3 | F15: 2 | G15: 0 | H15: 1 | I15: =sum(C15+1.2*D15+1.5*E15+2*F15+2*G15)-H15 -> 34.7
A16: F/C | B16: Isaiah Hartenstein | C16: 12 | D16: 9 | E16: 1 | F16: 0 | G16: 1 | H16: 2 | I16: =sum(C16+1.2*D16+1.5*E16+2*F16+2*G16)-H16 -> 24.3
B17: Totals | C17: =SUM(C12:C16) -> 83 | D17: =SUM(D12:D16)*1.2 -> 51.6 | E17: =SUM(E12:E16)*1.5 -> 34.5 | F17: =SUM(F12:F16)*2 -> 18 | G17: =SUM(G12:G16)*2 -> 12 | H17: =SUM(H12:H16) *-1 -> -6 | I17: =SUM(C17:H17) -> 193.1
A19: Jon | I19: =I26 -> 195.7
A20: Position | B20: Player | C20: Points (1) | D20: Rebounds (1.2) | E20: Assists (1.5) | F20: Steals (2) | G20: Blocks (2) | H20: Turnovers (-1) | I20: Total
A21: G | B21: Derrick White | C21: 19 | D21: 11 | E21: 2 | F21: 0 | G21: 2 | H21: 2 | I21: =sum(C21+1.2*D21+1.5*E21+2*F21+2*G21)-H21 -> 37.2
A22: G | B22: Christian Braun | C22: 11 | D22: 13 | E22: 3 | F22: 1 | G22: 0 | H22: 1 | I22: =sum(C22+1.2*D22+1.5*E22+2*F22+2*G22)-H22 -> 32.1
A23: F/C | B23: Jaylen Brown | C23: 23 | D23: 7 | E23: 5 | F23: 0 | G23: 0 | H23: 2 | I23: =sum(C23+1.2*D23+1.5*E23+2*F23+2*G23)-H23 -> 36.9
A24: F/C | B24: Jayson Tatum | C24: 23 | D24: 16 | E24: 6 | F24: 2 | G24: 1 | H24: 5 | I24: =sum(C24+1.2*D24+1.5*E24+2*F24+2*G24)-H24 -> 52.2
A25: F/C | B25: OG Anunoby | C25: 29 | D25: 4 | E25: 3 | F25: 1 | G25: 0 | H25: 3 | I25: =sum(C25+1.2*D25+1.5*E25+2*F25+2*G25)-H25 -> 37.3
B26: Totals | C26: =SUM(C21:C25) -> 105 | D26: =SUM(D21:D25)*1.2 -> 61.2 | E26: =SUM(E21:E25)*1.5 -> 28.5 | F26: =SUM(F21:F25)*2 -> 8 | G26: =SUM(G21:G25)*2 -> 6 | H26: =SUM(H21:H25) *-1 -> -13 | I26: =SUM(C26:H26) -> 195.7
A28: Mark | I28: =I35 -> 144.2
A29: Position | B29: Player | C29: Points (1) | D29: Rebounds (1.2) | E29: Assists (1.5) | F29: Steals (2) | G29: Blocks (2) | H29: Turnovers (-1) | I29: Total
A30: G | B30: Jalen Brunson | C30: 29 | D30: 4 | E30: 5 | F30: 2 | G30: 0 | H30: 4 | I30: =sum(C30+1.2*D30+1.5*E30+2*F30+2*G30)-H30 -> 41.3
A31: G | B31: Jrue Holiday | C31: 16 | D31: 6 | E31: 3 | F31: 1 | G31: 0 | H31: 1 | I31: =sum(C31+1.2*D31+1.5*E31+2*F31+2*G31)-H31 -> 28.7
A32: F/C | B32: Karl-Anthony Towns | C32: 14 | D32: 13 | E32: 0 | F32: 1 | G32: 0 | H32: 2 | I32: =sum(C32+1.2*D32+1.5*E32+2*F32+2*G32)-H32 -> 29.6
A33: F/C | B33: Kristaps Porzingis | C33: 0 | D33: 4 | E33: 1 | F33: 0 | G33: 0 | H33: 1 | I33: =sum(C33+1.2*D33+1.5*E33+2*F33+2*G33)-H33 -> 5.3
A34: F/C | B34: Aaron Gordon | C34: 22 | D34: 14 | E34: 1 | F34: 0 | G34: 0 | H34: 1 | I34: =sum(C34+1.2*D34+1.5*E34+2*F34+2*G34)-H34 -> 39.3
B35: Totals | C35: =SUM(C30:C34) -> 81 | D35: =SUM(D30:D34)*1.2 -> 49.2 | E35: =SUM(E30:E34)*1.5 -> 15 | F35: =SUM(F30:F34)*2 -> 8 | G35: =SUM(G30:G34)*2 -> 0 | H35: =SUM(H30:H34) *-1 -> -9 | I35: =SUM(C35:H35) -> 144.2

Sheet 5425
A1: Jon | I1: =I8 -> 158.3
A2: Position | B2: Player | C2: Points (1) | D2: Rebounds (1.2) | E2: Assists (1.5) | F2: Steals (2) | G2: Blocks (2) | H2: Turnovers (-1) | I2: Total
A3: G | B3: Fred VanVleet | C3: 17 | D3: 7 | E3: 3 | F3: 2 | G3: 0 | H3: 3 | I3: =sum(C3+1.2*D3+1.5*E3+2*F3+2*G3)-H3 -> 30.9
A4: G | B4: Andrew Nembhard | C4: 21 | D4: 0 | E4: 6 | F4: 0 | G4: 0 | H4: 0 | I4: =sum(C4+1.2*D4+1.5*E4+2*F4+2*G4)-H4 -> 30
A5: F/C | B5: Alperun Sengun | C5: 21 | D5: 14 | E5: 5 | F5: 1 | G5: 1 | H5: 3 | I5: =sum(C5+1.2*D5+1.5*E5+2*F5+2*G5)-H5 -> 46.3
A6: F/C | B6: Myles Turner | C6: 11 | D6: 7 | E6: 1 | F6: 3 | G6: 2 | H6: 2 | I6: =sum(C6+1.2*D6+1.5*E6+2*F6+2*G6)-H6 -> 28.9
A7: F/C | B7: Aaron Nesmith | C7: 16 | D7: 6 | E7: 0 | F7: 0 | G7: 1 | H7: 3 | I7: =sum(C7+1.2*D7+1.5*E7+2*F7+2*G7)-H7 -> 22.2
B8: Totals | C8: =SUM(C3:C7) -> 86 | D8: =SUM(D3:D7)*1.2 -> 40.8 | E8: =SUM(E3:E7)*1.5 -> 22.5 | F8: =SUM(F3:F7)*2 -> 12 | G8: =SUM(G3:G7)*2 -> 8 | H8: =SUM(H3:H7) *-1 -> -11 | I8: =SUM(C8:H8) -> 158.3
A10: Andy | I10: =I17 -> 153.9
A11: Position | B11: Player | C11: Points (1) | D11: Rebounds (1.2) | E11: Assists (1.5) | F11: Steals (2) | G11: Blocks (2) | H11: Turnovers (-1) | I11: Total
A12: G | B12: Steph Curry | C12: 22 | D12: 10 | E12: 7 | F12: 2 | G12: 2 | H12: 2 | I12: =sum(C12+1.2*D12+1.5*E12+2*F12+2*G12)-H12 -> 50.5
A13: G | B13: Brandin Podziemski | C13: 9 | D13: 3 | E13: 2 | F13: 0 | G13: 1 | H13: 2 | I13: =sum(C13+1.2*D13+1.5*E13+2*F13+2*G13)-H13 -> 15.6
A14: F/C | B14: Pascal Siakam | C14: 15 | D14: 6 | E14: 4 | F14: 1 | G14: 0 | H14: 2 | I14: =sum(C14+1.2*D14+1.5*E14+2*F14+2*G14)-H14 -> 28.2
A15: F/C | B15: Amen Thompson | C15: 24 | D15: 9 | E15: 3 | F15: 1 | G15: 1 | H15: 0 | I15: =sum(C15+1.2*D15+1.5*E15+2*F15+2*G15)-H15 -> 43.3
A16: F/C | B16: Deandre Hunter | C16: 11 | D16: 4 | E16: 1 | F16: 0 | G16: 0 | H16: 1 | I16: =sum(C16+1.2*D16+1.5*E16+2*F16+2*G16)-H16 -> 16.3
B17: Totals | C17: =SUM(C12:C16) -> 81 | D17: =SUM(D12:D16)*1.2 -> 38.4 | E17: =SUM(E12:E16)*1.5 -> 25.5 | F17: =SUM(F12:F16)*2 -> 8 | G17: =SUM(G12:G16)*2 -> 8 | H17: =SUM(H12:H16) *-1 -> -7 | I17: =SUM(C17:H17) -> 153.9
A19: Josh | I19: =I26 -> 138.8
A20: Position | B20: Player | C20: Points (1) | D20: Rebounds (1.2) | E20: Assists (1.5) | F20: Steals (2) | G20: Blocks (2) | H20: Turnovers (-1) | I20: Total
A21: G | B21: Donovan Mitchell | C21: 33 | D21: 5 | E21: 4 | F21: 1 | G21: 0 | H21: 0 | I21: =sum(C21+1.2*D21+1.5*E21+2*F21+2*G21)-H21 -> 47
A22: G | B22: Jalen Green | C22: 8 | D22: 4 | E22: 1 | F22: 0 | G22: 1 | H22: 0 | I22: =sum(C22+1.2*D22+1.5*E22+2*F22+2*G22)-H22 -> 16.3
A23: F/C | B23: Evan Mobley | C23: 20 | D23: 10 | E23: 2 | F23: 2 | G23: 0 | H23: 4 | I23: =sum(C23+1.2*D23+1.5*E23+2*F23+2*G23)-H23 -> 35
A24: F/C | B24: Jarrett Allen | C24: 12 | D24: 5 | E24: 1 | F24: 2 | G24: 0 | H24: 1 | I24: =sum(C24+1.2*D24+1.5*E24+2*F24+2*G24)-H24 -> 22.5
A25: F/C | B25: Obi Toppin | C25: 7 | D25: 5 | E25: 2 | F25: 1 | G25: 1 | H25: 2 | I25: =sum(C25+1.2*D25+1.5*E25+2*F25+2*G25)-H25 -> 18
B26: Totals | C26: =SUM(C21:C25) -> 80 | D26: =SUM(D21:D25)*1.2 -> 34.8 | E26: =SUM(E21:E25)*1.5 -> 15 | F26: =SUM(F21:F25)*2 -> 12 | G26: =SUM(G21:G25)*2 -> 4 | H26: =SUM(H21:H25) *-1 -> -7 | I26: =SUM(C26:H26) -> 138.8
A28: Mark | I28: =I35 -> 192.4
A29: Position | B29: Player | C29: Points (1) | D29: Rebounds (1.2) | E29: Assists (1.5) | F29: Steals (2) | G29: Blocks (2) | H29: Turnovers (-1) | I29: Total
A30: G | B30: Tyrese Haliburton | C30: 22 | D30: 3 | E30: 13 | F30: 1 | G30: 3 | H30: 1 | I30: =sum(C30+1.2*D30+1.5*E30+2*F30+2*G30)-H30 -> 52.1
A31: G | B31: Ty Jerome | C31: 21 | D31: 3 | E31: 8 | F31: 1 | G31: 0 | H31: 1 | I31: =sum(C31+1.2*D31+1.5*E31+2*F31+2*G31)-H31 -> 37.6
A32: F/C | B32: Jimmy Butler | C32: 20 | D32: 8 | E32: 7 | F32: 1 | G32: 0 | H32: 1 | I32: =sum(C32+1.2*D32+1.5*E32+2*F32+2*G32)-H32 -> 41.1
A33: F/C | B33: Draymond Green | C33: 16 | D33: 6 | E33: 5 | F33: 1 | G33: 2 | H33: 1 | I33: =sum(C33+1.2*D33+1.5*E33+2*F33+2*G33)-H33 -> 35.7
A34: F/C | B34: Max Strus | C34: 7 | D34: 7 | E34: 3 | F34: 2 | G34: 1 | H34: 0 | I34: =sum(C34+1.2*D34+1.5*E34+2*F34+2*G34)-H34 -> 25.9
B35: Totals | C35: =SUM(C30:C34) -> 86 | D35: =SUM(D30:D34)*1.2 -> 32.4 | E35: =SUM(E30:E34)*1.5 -> 54 | F35: =SUM(F30:F34)*2 -> 12 | G35: =SUM(G30:G34)*2 -> 12 | H35: =SUM(H30:H34) *-1 -> -4 | I35: =SUM(C35:H35) -> 192.4

Sheet 5225
A1: Andy | I1: =I8 -> 157.4
A2: Position | B2: Player | C2: Points (1) | D2: Rebounds (1.2) | E2: Assists (1.5) | F2: Steals (2) | G2: Blocks (2) | H2: Turnovers (-1) | I2: Total
A3: G | B3: Brandin Podziemski | C3: 10 | D3: 7 | E3: 3 | F3: 1 | G3: 0 | H3: 2 | I3: =sum(C3+1.2*D3+1.5*E3+2*F3+2*G3)-H3 -> 22.9
A4: G | B4: Christian Braun | C4: 21 | D4: 5 | E4: 4 | F4: 1 | G4: 0 | H4: 0 | I4: =sum(C4+1.2*D4+1.5*E4+2*F4+2*G4)-H4 -> 35
A5: F/C | B5: Nikola Jokic | C5: 16 | D5: 10 | E5: 8 | F5: 3 | G5: 1 | H5: 5 | I5: =sum(C5+1.2*D5+1.5*E5+2*F5+2*G5)-H5 -> 43
A6: F/C | B6: Ivica Zubac | C6: 10 | D6: 14 | E6: 2 | F6: 1 | G6: 0 | H6: 3 | I6: =sum(C6+1.2*D6+1.5*E6+2*F6+2*G6)-H6 -> 28.8
A7: F/C | B7: Draymond Green | C7: 8 | D7: 6 | E7: 7 | F7: 0 | G7: 3 | H7: 4 | I7: =sum(C7+1.2*D7+1.5*E7+2*F7+2*G7)-H7 -> 27.7
B8: Totals | C8: =SUM(C3:C7) -> 65 | D8: =SUM(D3:D7)*1.2 -> 50.4 | E8: =SUM(E3:E7)*1.5 -> 36 | F8: =SUM(F3:F7)*2 -> 12 | G8: =SUM(G3:G7)*2 -> 8 | H8: =SUM(H3:H7) *-1 -> -14 | I8: =SUM(C8:H8) -> 157.4
A10: Mark | I10: =I17 -> 167.3
A11: Position | B11: Player | C11: Points (1) | D11: Rebounds (1.2) | E11: Assists (1.5) | F11: Steals (2) | G11: Blocks (2) | H11: Turnovers (-1) | I11: Total
A12: G | B12: Steph Curry | C12: 29 | D12: 7 | E12: 2 | F12: 2 | G12: 1 | H12: 5 | I12: =sum(C12+1.2*D12+1.5*E12+2*F12+2*G12)-H12 -> 41.4
A13: G | B13: Jalen Green | C13: 12 | D13: 5 | E13: 3 | F13: 0 | G13: 1 | H13: 1 | I13: =sum(C13+1.2*D13+1.5*E13+2*F13+2*G13)-H13 -> 23.5
A14: F/C | B14: Jimmy Butler | C14: 27 | D14: 9 | E14: 8 | F14: 0 | G14: 1 | H14: 1 | I14: =sum(C14+1.2*D14+1.5*E14+2*F14+2*G14)-H14 -> 50.8
A15: F/C | B15: Amen Thompson | C15: 14 | D15: 7 | E15: 2 | F15: 3 | G15: 0 | H15: 2 | I15: =sum(C15+1.2*D15+1.5*E15+2*F15+2*G15)-H15 -> 29.4
A16: F/C | B16: Michael Porter Jr. | C16: 15 | D16: 6 | E16: 0 | F16: 0 | G16: 0 | H16: 0 | I16: =sum(C16+1.2*D16+1.5*E16+2*F16+2*G16)-H16 -> 22.2
B17: Totals | C17: =SUM(C12:C16) -> 97 | D17: =SUM(D12:D16)*1.2 -> 40.8 | E17: =SUM(E12:E16)*1.5 -> 22.5 | F17: =SUM(F12:F16)*2 -> 10 | G17: =SUM(G12:G16)*2 -> 6 | H17: =SUM(H12:H16) *-1 -> -9 | I17: =SUM(C17:H17) -> 167.3
A19: Josh | I19: =I26 -> 164.6
A20: Position | B20: Player | C20: Points (1) | D20: Rebounds (1.2) | E20: Assists (1.5) | F20: Steals (2) | G20: Blocks (2) | H20: Turnovers (-1) | I20: Total
A21: G | B21: James Harden | C21: 7 | D21: 5 | E21: 13 | F21: 2 | G21: 1 | H21: 2 | I21: =sum(C21+1.2*D21+1.5*E21+2*F21+2*G21)-H21 -> 36.5
A22: G | B22: Fred VanVleet | C22: 29 | D22: 8 | E22: 8 | F22: 0 | G22: 0 | H22: 2 | I22: =sum(C22+1.2*D22+1.5*E22+2*F22+2*G22)-H22 -> 48.6
A23: F/C | B23: Kawhi Leonard | C23: 22 | D23: 5 | E23: 2 | F23: 0 | G23: 2 | H23: 1 | I23: =sum(C23+1.2*D23+1.5*E23+2*F23+2*G23)-H23 -> 34
A24: F/C | B24: Aaron Gordon | C24: 22 | D24: 4 | E24: 5 | F24: 1 | G24: 1 | H24: 1 | I24: =sum(C24+1.2*D24+1.5*E24+2*F24+2*G24)-H24 -> 37.3
A25: F/C | B25: Dillon Brooks | C25: 3 | D25: 1 | E25: 2 | F25: 1 | G25: 0 | H25: 1 | I25: =sum(C25+1.2*D25+1.5*E25+2*F25+2*G25)-H25 -> 8.2
B26: Totals | C26: =SUM(C21:C25) -> 83 | D26: =SUM(D21:D25)*1.2 -> 27.6 | E26: =SUM(E21:E25)*1.5 -> 45 | F26: =SUM(F21:F25)*2 -> 8 | G26: =SUM(G21:G25)*2 -> 8 | H26: =SUM(H21:H25) *-1 -> -7 | I26: =SUM(C26:H26) -> 164.6
A28: Jon | I28: =I35 -> 127.3
A29: Position | B29: Player | C29: Points (1) | D29: Rebounds (1.2) | E29: Assists (1.5) | F29: Steals (2) | G29: Blocks (2) | H29: Turnovers (-1) | I29: Total
A30: G | B30: Jamal Murray | C30: 16 | D30: 5 | E30: 2 | F30: 0 | G30: 1 | H30: 4 | I30: =sum(C30+1.2*D30+1.5*E30+2*F30+2*G30)-H30 -> 23
A31: G | B31: Russell Westbrook | C31: 16 | D31: 5 | E31: 5 | F31: 5 | G31: 0 | H31: 2 | I31: =sum(C31+1.2*D31+1.5*E31+2*F31+2*G31)-H31 -> 37.5
A32: F/C | B32: Alperun Sengun | C32: 21 | D32: 14 | E32: 6 | F32: 3 | G32: 0 | H32: 2 | I32: =sum(C32+1.2*D32+1.5*E32+2*F32+2*G32)-H32 -> 50.8
A33: F/C | B33: Norman Powell | C33: 9 | D33: 2 | E33: 2 | F33: 0 | G33: 1 | H33: 3 | I33: =sum(C33+1.2*D33+1.5*E33+2*F33+2*G33)-H33 -> 13.4
A34: F/C | B34: Buddy Hield | C34: 0 | D34: 3 | E34: 0 | F34: 0 | G34: 0 | H34: 1 | I34: =sum(C34+1.2*D34+1.5*E34+2*F34+2*G34)-H34 -> 2.6
B35: Totals | C35: =SUM(C30:C34) -> 62 | D35: =SUM(D30:D34)*1.2 -> 34.8 | E35: =SUM(E30:E34)*1.5 -> 22.5 | F35: =SUM(F30:F34)*2 -> 16 | G35: =SUM(G30:G34)*2 -> 4 | H35: =SUM(H30:H34) *-1 -> -12 | I35: =SUM(C35:H35) -> 127.3

Sheet 5125
A1: Andy | I1: =I8 -> 155.9
A2: Position | B2: Player | C2: Points (1) | D2: Rebounds (1.2) | E2: Assists (1.5) | F2: Steals (2) | G2: Blocks (2) | H2: Turnovers (-1) | I2: Total
A3: G | B3: Mikal Bridges | C3: 25 | D3: 4 | E3: 3 | F3: 0 | G3: 1 | H3: 4 | I3: =sum(C3+1.2*D3+1.5*E3+2*F3+2*G3)-H3 -> 32.3
A4: G | B4: Tim Hardaway Jr | C4: 7 | D4: 5 | E4: 1 | F4: 1 | G4: 0 | H4: 4 | I4: =sum(C4+1.2*D4+1.5*E4+2*F4+2*G4)-H4 -> 12.5
A5: F/C | B5: Nikola Jokic | C5: 25 | D5: 7 | E5: 8 | F5: 3 | G5: 1 | H5: 4 | I5: =sum(C5+1.2*D5+1.5*E5+2*F5+2*G5)-H5 -> 49.4
A6: F/C | B6: Ivica Zubac | C6: 10 | D6: 6 | E6: 0 | F6: 1 | G6: 3 | H6: 1 | I6: =sum(C6+1.2*D6+1.5*E6+2*F6+2*G6)-H6 -> 24.2
A7: F/C | B7: OG Anunoby | C7: 22 | D7: 5 | E7: 1 | F7: 3 | G7: 2 | H7: 2 | I7: =sum(C7+1.2*D7+1.5*E7+2*F7+2*G7)-H7 -> 37.5
B8: Totals | C8: =SUM(C3:C7) -> 89 | D8: =SUM(D3:D7)*1.2 -> 32.4 | E8: =SUM(E3:E7)*1.5 -> 19.5 | F8: =SUM(F3:F7)*2 -> 16 | G8: =SUM(G3:G7)*2 -> 14 | H8: =SUM(H3:H7) *-1 -> -15 | I8: =SUM(C8:H8) -> 155.9
A10: Mark | I10: =I17 -> 164.4
A11: Position | B11: Player | C11: Points (1) | D11: Rebounds (1.2) | E11: Assists (1.5) | F11: Steals (2) | G11: Blocks (2) | H11: Turnovers (-1) | I11: Total
A12: G | B12: Cade Cunningham | C12: 23 | D12: 7 | E12: 8 | F12: 3 | G12: 1 | H12: 3 | I12: =sum(C12+1.2*D12+1.5*E12+2*F12+2*G12)-H12 -> 48.4
A13: G | B13: Russell Westbrook | C13: 14 | D13: 10 | E13: 6 | F13: 0 | G13: 0 | H13: 2 | I13: =sum(C13+1.2*D13+1.5*E13+2*F13+2*G13)-H13 -> 33
A14: F/C | B14: Karl-Anthony Towns | C14: 10 | D14: 15 | E14: 2 | F14: 2 | G14: 0 | H14: 3 | I14: =sum(C14+1.2*D14+1.5*E14+2*F14+2*G14)-H14 -> 32
A15: F/C | B15: Josh Hart | C15: 13 | D15: 10 | E15: 4 | F15: 0 | G15: 1 | H15: 3 | I15: =sum(C15+1.2*D15+1.5*E15+2*F15+2*G15)-H15 -> 30
A16: F/C | B16: Tobias Harris | C16: 14 | D16: 5 | E16: 0 | F16: 1 | G16: 0 | H16: 1 | I16: =sum(C16+1.2*D16+1.5*E16+2*F16+2*G16)-H16 -> 21
B17: Totals | C17: =SUM(C12:C16) -> 74 | D17: =SUM(D12:D16)*1.2 -> 56.4 | E17: =SUM(E12:E16)*1.5 -> 30 | F17: =SUM(F12:F16)*2 -> 12 | G17: =SUM(G12:G16)*2 -> 4 | H17: =SUM(H12:H16) *-1 -> -12 | I17: =SUM(C17:H17) -> 164.4
A19: Josh | I19: =I26 -> 176.3
A20: Position | B20: Player | C20: Points (1) | D20: Rebounds (1.2) | E20: Assists (1.5) | F20: Steals (2) | G20: Blocks (2) | H20: Turnovers (-1) | I20: Total
A21: G | B21: Jalen Brunson | C21: 40 | D21: 4 | E21: 7 | F21: 0 | G21: 0 | H21: 2 | I21: =sum(C21+1.2*D21+1.5*E21+2*F21+2*G21)-H21 -> 53.3
A22: G | B22: James Harden | C22: 28 | D22: 6 | E22: 8 | F22: 2 | G22: 1 | H22: 4 | I22: =sum(C22+1.2*D22+1.5*E22+2*F22+2*G22)-H22 -> 49.2
A23: F/C | B23: Jalen Duren | C23: 21 | D23: 6 | E23: 3 | F23: 0 | G23: 0 | H23: 2 | I23: =sum(C23+1.2*D23+1.5*E23+2*F23+2*G23)-H23 -> 30.7
A24: F/C | B24: Aaron Gordon | C24: 19 | D24: 5 | E24: 1 | F24: 1 | G24: 1 | H24: 2 | I24: =sum(C24+1.2*D24+1.5*E24+2*F24+2*G24)-H24 -> 28.5
A25: F/C | B25: Michael Porter Jr. | C25: 5 | D25: 3 | E25: 0 | F25: 2 | G25: 1 | H25: 0 | I25: =sum(C25+1.2*D25+1.5*E25+2*F25+2*G25)-H25 -> 14.6
B26: Totals | C26: =SUM(C21:C25) -> 113 | D26: =SUM(D21:D25)*1.2 -> 28.8 | E26: =SUM(E21:E25)*1.5 -> 28.5 | F26: =SUM(F21:F25)*2 -> 10 | G26: =SUM(G21:G25)*2 -> 6 | H26: =SUM(H21:H25) *-1 -> -10 | I26: =SUM(C26:H26) -> 176.3
A28: Jon | I28: =I35 -> 178
A29: Position | B29: Player | C29: Points (1) | D29: Rebounds (1.2) | E29: Assists (1.5) | F29: Steals (2) | G29: Blocks (2) | H29: Turnovers (-1) | I29: Total
A30: G | B30: Jamal Murray | C30: 21 | D30: 8 | E30: 8 | F30: 0 | G30: 3 | H30: 3 | I30: =sum(C30+1.2*D30+1.5*E30+2*F30+2*G30)-H30 -> 45.6
A31: G | B31: Christian Braun | C31: 14 | D31: 3 | E31: 1 | F31: 0 | G31: 0 | H31: 0 | I31: =sum(C31+1.2*D31+1.5*E31+2*F31+2*G31)-H31 -> 19.1
A32: F/C | B32: Kawhi Leonard | C32: 27 | D32: 10 | E32: 5 | F32: 0 | G32: 0 | H32: 1 | I32: =sum(C32+1.2*D32+1.5*E32+2*F32+2*G32)-H32 -> 45.5
A33: F/C | B33: Norman Powell | C33: 24 | D33: 3 | E33: 1 | F33: 2 | G33: 0 | H33: 1 | I33: =sum(C33+1.2*D33+1.5*E33+2*F33+2*G33)-H33 -> 32.1
A34: F/C | B34: Ausar Thompson | C34: 17 | D34: 6 | E34: 1 | F34: 3 | G34: 2 | H34: 0 | I34: =sum(C34+1.2*D34+1.5*E34+2*F34+2*G34)-H34 -> 35.7
B35: Totals | C35: =SUM(C30:C34) -> 103 | D35: =SUM(D30:D34)*1.2 -> 36 | E35: =SUM(E30:E34)*1.5 -> 24 | F35: =SUM(F30:F34)*2 -> 10 | G35: =SUM(G30:G34)*2 -> 10 | H35: =SUM(H30:H34) *-1 -> -5 | I35: =SUM(C35:H35) -> 178

Sheet 43025
A1: Josh | I1: =I8 -> 164.3
A2: Position | B2: Player | C2: Points (1) | D2: Rebounds (1.2) | E2: Assists (1.5) | F2: Steals (2) | G2: Blocks (2) | H2: Turnovers (-1) | I2: Total
A3: G | B3: Luka Doncic | C3: 28 | D3: 7 | E3: 9 | F3: 1 | G3: 0 | H3: 2 | I3: =sum(C3+1.2*D3+1.5*E3+2*F3+2*G3)-H3 -> 49.9
A4: G | B4: Donte DiVincenzo | C4: 9 | D4: 4 | E4: 5 | F4: 2 | G4: 0 | H4: 3 | I4: =sum(C4+1.2*D4+1.5*E4+2*F4+2*G4)-H4 -> 22.3
A5: F/C | B5: Amen Thompson | C5: 25 | D5: 6 | E5: 3 | F5: 5 | G5: 3 | H5: 3 | I5: =sum(C5+1.2*D5+1.5*E5+2*F5+2*G5)-H5 -> 49.7
A6: F/C | B6: Jaden McDaniels | C6: 8 | D6: 3 | E6: 0 | F6: 1 | G6: 0 | H6: 0 | I6: =sum(C6+1.2*D6+1.5*E6+2*F6+2*G6)-H6 -> 13.6
A7: F/C | B7: Rui Hachimura | C7: 23 | D7: 4 | E7: 0 | F7: 0 | G7: 1 | H7: 1 | I7: =sum(C7+1.2*D7+1.5*E7+2*F7+2*G7)-H7 -> 28.8
B8: Totals | C8: =SUM(C3:C7) -> 93 | D8: =SUM(D3:D7)*1.2 -> 28.8 | E8: =SUM(E3:E7)*1.5 -> 25.5 | F8: =SUM(F3:F7)*2 -> 18 | G8: =SUM(G3:G7)*2 -> 8 | H8: =SUM(H3:H7) *-1 -> -9 | I8: =SUM(C8:H8) -> 164.3
A10: Mark | I10: =I17 -> 134
A11: Position | B11: Player | C11: Points (1) | D11: Rebounds (1.2) | E11: Assists (1.5) | F11: Steals (2) | G11: Blocks (2) | H11: Turnovers (-1) | I11: Total
A12: G | B12: Austin Reaves | C12: 12 | D12: 5 | E12: 2 | F12: 0 | G12: 0 | H12: 6 | I12: =sum(C12+1.2*D12+1.5*E12+2*F12+2*G12)-H12 -> 15
A13: G | B13: Fred VanVleet | C13: 26 | D13: 1 | E13: 2 | F13: 0 | G13: 1 | H13: 1 | I13: =sum(C13+1.2*D13+1.5*E13+2*F13+2*G13)-H13 -> 31.2
A14: F/C | B14: LeBron James | C14: 22 | D14: 7 | E14: 6 | F14: 2 | G14: 0 | H14: 3 | I14: =sum(C14+1.2*D14+1.5*E14+2*F14+2*G14)-H14 -> 40.4
A15: F/C | B15: Julius Randle | C15: 23 | D15: 5 | E15: 4 | F15: 1 | G15: 0 | H15: 3 | I15: =sum(C15+1.2*D15+1.5*E15+2*F15+2*G15)-H15 -> 34
A16: F/C | B16: Naz Reid | C16: 3 | D16: 2 | E16: 2 | F16: 0 | G16: 3 | H16: 1 | I16: =sum(C16+1.2*D16+1.5*E16+2*F16+2*G16)-H16 -> 13.4
B17: Totals | C17: =SUM(C12:C16) -> 86 | D17: =SUM(D12:D16)*1.2 -> 24 | E17: =SUM(E12:E16)*1.5 -> 24 | F17: =SUM(F12:F16)*2 -> 6 | G17: =SUM(G12:G16)*2 -> 8 | H17: =SUM(H12:H16) *-1 -> -14 | I17: =SUM(C17:H17) -> 134
A19: Jon | I19: =I26 -> 177.8
A20: Position | B20: Player | C20: Points (1) | D20: Rebounds (1.2) | E20: Assists (1.5) | F20: Steals (2) | G20: Blocks (2) | H20: Turnovers (-1) | I20: Total
A21: G | B21: Anthony Edwards | C21: 15 | D21: 11 | E21: 8 | F21: 3 | G21: 0 | H21: 0 | I21: =sum(C21+1.2*D21+1.5*E21+2*F21+2*G21)-H21 -> 46.2
A22: G | B22: Jalen Green | C22: 11 | D22: 8 | E22: 2 | F22: 0 | G22: 0 | H22: 0 | I22: =sum(C22+1.2*D22+1.5*E22+2*F22+2*G22)-H22 -> 23.6
A23: F/C | B23: Jimmy Butler | C23: 8 | D23: 5 | E23: 2 | F23: 2 | G23: 0 | H23: 0 | I23: =sum(C23+1.2*D23+1.5*E23+2*F23+2*G23)-H23 -> 21
A24: F/C | B24: Dillon Brooks | C24: 24 | D24: 1 | E24: 2 | F24: 0 | G24: 0 | H24: 1 | I24: =sum(C24+1.2*D24+1.5*E24+2*F24+2*G24)-H24 -> 27.2
A25: F/C | B25: Rudy Gobert | C25: 27 | D25: 24 | E25: 0 | F25: 0 | G25: 2 | H25: 0 | I25: =sum(C25+1.2*D25+1.5*E25+2*F25+2*G25)-H25 -> 59.8
B26: Totals | C26: =SUM(C21:C25) -> 85 | D26: =SUM(D21:D25)*1.2 -> 58.8 | E26: =SUM(E21:E25)*1.5 -> 21 | F26: =SUM(F21:F25)*2 -> 10 | G26: =SUM(G21:G25)*2 -> 4 | H26: =SUM(H21:H25) *-1 -> -1 | I26: =SUM(C26:H26) -> 177.8
A28: Andy | I28: =I35 -> 108.4
A29: Position | B29: Player | C29: Points (1) | D29: Rebounds (1.2) | E29: Assists (1.5) | F29: Steals (2) | G29: Blocks (2) | H29: Turnovers (-1) | I29: Total
A30: G | B30: Steph Curry | C30: 13 | D30: 3 | E30: 7 | F30: 0 | G30: 0 | H30: 3 | I30: =sum(C30+1.2*D30+1.5*E30+2*F30+2*G30)-H30 -> 24.1
A31: G | B31: That Pod Guy | C31: 8 | D31: 2 | E31: 4 | F31: 0 | G31: 0 | H31: 2 | I31: =sum(C31+1.2*D31+1.5*E31+2*F31+2*G31)-H31 -> 14.4
A32: F/C | B32: Alperun Sengun | C32: 15 | D32: 9 | E32: 9 | F32: 2 | G32: 2 | H32: 1 | I32: =sum(C32+1.2*D32+1.5*E32+2*F32+2*G32)-H32 -> 46.3
A33: F/C | B33: Draymond Green | C33: 7 | D33: 1 | E33: 1 | F33: 2 | G33: 0 | H33: 2 | I33: =sum(C33+1.2*D33+1.5*E33+2*F33+2*G33)-H33 -> 11.7
A34: F/C | B34: Buddy Hield | C34: 4 | D34: 2 | E34: 1 | F34: 1 | G34: 1 | H34: 0 | I34: =sum(C34+1.2*D34+1.5*E34+2*F34+2*G34)-H34 -> 11.9
B35: Totals | C35: =SUM(C30:C34) -> 47 | D35: =SUM(D30:D34)*1.2 -> 20.4 | E35: =SUM(E30:E34)*1.5 -> 33 | F35: =SUM(F30:F34)*2 -> 10 | G35: =SUM(G30:G34)*2 -> 6 | H35: =SUM(H30:H34) *-1 -> -8 | I35: =SUM(C35:H35) -> 108.4

Sheet 42925
A1: Mark | I1: =I8 -> 206.5
A2: Position | B2: Player | C2: Points (1) | D2: Rebounds (1.2) | E2: Assists (1.5) | F2: Steals (2) | G2: Blocks (2) | H2: Turnovers (-1) | I2: Total
A3: G | B3: James Harden | C3: 11 | D3: 8 | E3: 5 | F3: 2 | G3: 0 | H3: 4 | I3: =sum(C3+1.2*D3+1.5*E3+2*F3+2*G3)-H3 -> 28.1
A4: G | B4: Tyrese Haliburton | C4: 26 | D4: 5 | E4: 9 | F4: 3 | G4: 3 | H4: 1 | I4: =sum(C4+1.2*D4+1.5*E4+2*F4+2*G4)-H4 -> 56.5
A5: F/C | B5: Nikola Jokic | C5: 13 | D5: 10 | E5: 12 | F5: 1 | G5: 2 | H5: 2 | I5: =sum(C5+1.2*D5+1.5*E5+2*F5+2*G5)-H5 -> 47
A6: F/C | B6: Ivica Zubac | C6: 27 | D6: 5 | E6: 1 | F6: 0 | G6: 2 | H6: 1 | I6: =sum(C6+1.2*D6+1.5*E6+2*F6+2*G6)-H6 -> 37.5
A7: F/C | B7: Josh Hart | C7: 15 | D7: 7 | E7: 6 | F7: 2 | G7: 2 | H7: 3 | I7: =sum(C7+1.2*D7+1.5*E7+2*F7+2*G7)-H7 -> 37.4
B8: Totals | C8: =SUM(C3:C7) -> 92 | D8: =SUM(D3:D7)*1.2 -> 42 | E8: =SUM(E3:E7)*1.5 -> 49.5 | F8: =SUM(F3:F7)*2 -> 16 | G8: =SUM(G3:G7)*2 -> 18 | H8: =SUM(H3:H7) *-1 -> -11 | I8: =SUM(C8:H8) -> 206.5
A10: Josh | I10: =I17 -> 173.1
A11: Position | B11: Player | C11: Points (1) | D11: Rebounds (1.2) | E11: Assists (1.5) | F11: Steals (2) | G11: Blocks (2) | H11: Turnovers (-1) | I11: Total
A12: G | B12: Cade Cunningham | C12: 24 | D12: 8 | E12: 8 | F12: 2 | G12: 1 | H12: 5 | I12: =sum(C12+1.2*D12+1.5*E12+2*F12+2*G12)-H12 -> 46.6
A13: G | B13: Mikal Bridges | C13: 17 | D13: 6 | E13: 2 | F13: 0 | G13: 1 | H13: 2 | I13: =sum(C13+1.2*D13+1.5*E13+2*F13+2*G13)-H13 -> 27.2
A14: F/C | B14: Jaylen Brown | C14: 23 | D14: 6 | E14: 3 | F14: 0 | G14: 0 | H14: 2 | I14: =sum(C14+1.2*D14+1.5*E14+2*F14+2*G14)-H14 -> 32.7
A15: F/C | B15: Kawhi Leonard | C15: 20 | D15: 9 | E15: 11 | F15: 1 | G15: 2 | H15: 1 | I15: =sum(C15+1.2*D15+1.5*E15+2*F15+2*G15)-H15 -> 52.3
A16: F/C | B16: Pascal Siakam | C16: 10 | D16: 4 | E16: 1 | F16: 0 | G16: 0 | H16: 2 | I16: =sum(C16+1.2*D16+1.5*E16+2*F16+2*G16)-H16 -> 14.3
B17: Totals | C17: =SUM(C12:C16) -> 94 | D17: =SUM(D12:D16)*1.2 -> 39.6 | E17: =SUM(E12:E16)*1.5 -> 37.5 | F17: =SUM(F12:F16)*2 -> 6 | G17: =SUM(G12:G16)*2 -> 8 | H17: =SUM(H12:H16) *-1 -> -12 | I17: =SUM(C17:H17) -> 173.1
A19: Jon | I19: =I26 -> 208
A20: Position | B20: Player | C20: Points (1) | D20: Rebounds (1.2) | E20: Assists (1.5) | F20: Steals (2) | G20: Blocks (2) | H20: Turnovers (-1) | I20: Total
A21: G | B21: Jalen Brunson | C21: 16 | D21: 3 | E21: 7 | F21: 0 | G21: 0 | H21: 4 | I21: =sum(C21+1.2*D21+1.5*E21+2*F21+2*G21)-H21 -> 26.1
A22: G | B22: Christian Braun | C22: 11 | D22: 12 | E22: 3 | F22: 2 | G22: 0 | H22: 0 | I22: =sum(C22+1.2*D22+1.5*E22+2*F22+2*G22)-H22 -> 33.9
A23: F/C | B23: Giannis Antetokounmpo | C23: 30 | D23: 20 | E23: 13 | F23: 2 | G23: 2 | H23: 7 | I23: =sum(C23+1.2*D23+1.5*E23+2*F23+2*G23)-H23 -> 74.5
A24: F/C | B24: Karl-Anthony Towns | C24: 17 | D24: 11 | E24: 1 | F24: 0 | G24: 2 | H24: 0 | I24: =sum(C24+1.2*D24+1.5*E24+2*F24+2*G24)-H24 -> 35.7
A25: F/C | B25: Franz Wagner | C25: 25 | D25: 4 | E25: 4 | F25: 1 | G25: 0 | H25: 0 | I25: =sum(C25+1.2*D25+1.5*E25+2*F25+2*G25)-H25 -> 37.8
B26: Totals | C26: =SUM(C21:C25) -> 99 | D26: =SUM(D21:D25)*1.2 -> 60 | E26: =SUM(E21:E25)*1.5 -> 42 | F26: =SUM(F21:F25)*2 -> 10 | G26: =SUM(G21:G25)*2 -> 8 | H26: =SUM(H21:H25) *-1 -> -11 | I26: =SUM(C26:H26) -> 208
A28: Andy | I28: =I35 -> 218
A29: Position | B29: Player | C29: Points (1) | D29: Rebounds (1.2) | E29: Assists (1.5) | F29: Steals (2) | G29: Blocks (2) | H29: Turnovers (-1) | I29: Total
A30: G | B30: Derrick White | C30: 5 | D30: 4 | E30: 5 | F30: 1 | G30: 0 | H30: 1 | I30: =sum(C30+1.2*D30+1.5*E30+2*F30+2*G30)-H30 -> 18.3
A31: G | B31: Jamal Murray | C31: 43 | D31: 5 | E31: 7 | F31: 3 | G31: 1 | H31: 1 | I31: =sum(C31+1.2*D31+1.5*E31+2*F31+2*G31)-H31 -> 66.5
A32: F/C | B32: Jayson Tatum | C32: 35 | D32: 8 | E32: 10 | F32: 1 | G32: 0 | H32: 2 | I32: =sum(C32+1.2*D32+1.5*E32+2*F32+2*G32)-H32 -> 59.6
A33: F/C | B33: Paolo Banchero | C33: 19 | D33: 9 | E33: 6 | F33: 0 | G33: 0 | H33: 3 | I33: =sum(C33+1.2*D33+1.5*E33+2*F33+2*G33)-H33 -> 35.8
A34: F/C | B34: Jalen Duren | C34: 9 | D34: 14 | E34: 6 | F34: 0 | G34: 2 | H34: 1 | I34: =sum(C34+1.2*D34+1.5*E34+2*F34+2*G34)-H34 -> 37.8
B35: Totals | C35: =SUM(C30:C34) -> 111 | D35: =SUM(D30:D34)*1.2 -> 48 | E35: =SUM(E30:E34)*1.5 -> 51 | F35: =SUM(F30:F34)*2 -> 10 | G35: =SUM(G30:G34)*2 -> 6 | H35: =SUM(H30:H34) *-1 -> -8 | I35: =SUM(C35:H35) -> 218

Sheet 42825
A1: Andy | I1: =I8 -> 147.8
A2: Position | B2: Player | C2: Points (1) | D2: Rebounds (1.2) | E2: Assists (1.5) | F2: Steals (2) | G2: Blocks (2) | H2: Turnovers (-1) | I2: Total
A3: G | B3: Steph Curry | C3: 17 | D3: 3 | E3: 3 | F3: 1 | G3: 0 | H3: 4 | I3: =sum(C3+1.2*D3+1.5*E3+2*F3+2*G3)-H3 -> 23.1
A4: G | B4: That Pod Guy | C4: 26 | D4: 5 | E4: 5 | F4: 2 | G4: 1 | H4: 2 | I4: =sum(C4+1.2*D4+1.5*E4+2*F4+2*G4)-H4 -> 43.5
A5: F/C | B5: Amen Thompson | C5: 17 | D5: 9 | E5: 2 | F5: 1 | G5: 0 | H5: 1 | I5: =sum(C5+1.2*D5+1.5*E5+2*F5+2*G5)-H5 -> 31.8
A6: F/C | B6: Evan Mobley | C6: 17 | D6: 7 | E6: 1 | F6: 1 | G6: 2 | H6: 0 | I6: =sum(C6+1.2*D6+1.5*E6+2*F6+2*G6)-H6 -> 32.9
A7: F/C | B7: Andrew Wiggins | C7: 12 | D7: 5 | E7: 1 | F7: 0 | G7: 0 | H7: 3 | I7: =sum(C7+1.2*D7+1.5*E7+2*F7+2*G7)-H7 -> 16.5
B8: Totals | C8: =SUM(C3:C7) -> 89 | D8: =SUM(D3:D7)*1.2 -> 34.8 | E8: =SUM(E3:E7)*1.5 -> 18 | F8: =SUM(F3:F7)*2 -> 10 | G8: =SUM(G3:G7)*2 -> 6 | H8: =SUM(H3:H7) *-1 -> -10 | I8: =SUM(C8:H8) -> 147.8
A10: Josh | I10: =I17 -> 120.6
A11: Position | B11: Player | C11: Points (1) | D11: Rebounds (1.2) | E11: Assists (1.5) | F11: Steals (2) | G11: Blocks (2) | H11: Turnovers (-1) | I11: Total
A12: G | B12: Donovan Mitchell | C12: 22 | D12: 0 | E12: 5 | F12: 1 | G12: 0 | H12: 2 | I12: =sum(C12+1.2*D12+1.5*E12+2*F12+2*G12)-H12 -> 29.5
A13: G | B13: Darius Garland/Ty Jerome | C13: 18 | D13: 3 | E13: 5 | F13: 0 | G13: 1 | H13: 1 | I13: =sum(C13+1.2*D13+1.5*E13+2*F13+2*G13)-H13 -> 30.1
A14: F/C | B14: Jarrett Allen | C14: 14 | D14: 12 | E14: 2 | F14: 6 | G14: 0 | H14: 0 | I14: =sum(C14+1.2*D14+1.5*E14+2*F14+2*G14)-H14 -> 43.4
A15: F/C | B15: Draymond Green | C15: 6 | D15: 8 | E15: 2 | F15: 0 | G15: 0 | H15: 1 | I15: =sum(C15+1.2*D15+1.5*E15+2*F15+2*G15)-H15 -> 17.6
A16: F/C | B16: Jonathan Kuminga | C16: 0 | D16: 0 | E16: 0 | F16: 0 | G16: 0 | H16: 0 | I16: =sum(C16+1.2*D16+1.5*E16+2*F16+2*G16)-H16 -> 0
B17: Totals | C17: =SUM(C12:C16) -> 60 | D17: =SUM(D12:D16)*1.2 -> 27.6 | E17: =SUM(E12:E16)*1.5 -> 21 | F17: =SUM(F12:F16)*2 -> 14 | G17: =SUM(G12:G16)*2 -> 2 | H17: =SUM(H12:H16) *-1 -> -4 | I17: =SUM(C17:H17) -> 120.6
A19: Jon | I19: =I26 -> 132.2
A20: Position | B20: Player | C20: Points (1) | D20: Rebounds (1.2) | E20: Assists (1.5) | F20: Steals (2) | G20: Blocks (2) | H20: Turnovers (-1) | I20: Total
A21: G | B21: Jalen Green | C21: 8 | D21: 3 | E21: 1 | F21: 0 | G21: 0 | H21: 5 | I21: =sum(C21+1.2*D21+1.5*E21+2*F21+2*G21)-H21 -> 8.1
A22: G | B22: Fred Vanvleet | C22: 25 | D22: 2 | E22: 6 | F22: 0 | G22: 0 | H22: 2 | I22: =sum(C22+1.2*D22+1.5*E22+2*F22+2*G22)-H22 -> 34.4
A23: F/C | B23: Alperun Sengun | C23: 31 | D23: 10 | E23: 5 | F23: 2 | G23: 0 | H23: 0 | I23: =sum(C23+1.2*D23+1.5*E23+2*F23+2*G23)-H23 -> 54.5
A24: F/C | B24: Max Strus | C24: 3 | D24: 5 | E24: 4 | F24: 1 | G24: 0 | H24: 2 | I24: =sum(C24+1.2*D24+1.5*E24+2*F24+2*G24)-H24 -> 15
A25: F/C | B25: Dillon Brooks | C25: 11 | D25: 6 | E25: 0 | F25: 1 | G25: 0 | H25: 0 | I25: =sum(C25+1.2*D25+1.5*E25+2*F25+2*G25)-H25 -> 20.2
B26: Totals | C26: =SUM(C21:C25) -> 78 | D26: =SUM(D21:D25)*1.2 -> 31.2 | E26: =SUM(E21:E25)*1.5 -> 24 | F26: =SUM(F21:F25)*2 -> 8 | G26: =SUM(G21:G25)*2 -> 0 | H26: =SUM(H21:H25) *-1 -> -9 | I26: =SUM(C26:H26) -> 132.2
A28: Mark | I28: =I35 -> 107.5
A29: Position | B29: Player | C29: Points (1) | D29: Rebounds (1.2) | E29: Assists (1.5) | F29: Steals (2) | G29: Blocks (2) | H29: Turnovers (-1) | I29: Total
A30: G | B30: Tyler Herro | C30: 4 | D30: 1 | E30: 1 | F30: 0 | G30: 0 | H30: 1 | I30: =sum(C30+1.2*D30+1.5*E30+2*F30+2*G30)-H30 -> 5.7
A31: G | B31: Davion Mitchell | C31: 8 | D31: 0 | E31: 5 | F31: 0 | G31: 0 | H31: 3 | I31: =sum(C31+1.2*D31+1.5*E31+2*F31+2*G31)-H31 -> 12.5
A32: F/C | B32: Bam Adebayo | C32: 13 | D32: 12 | E32: 4 | F32: 1 | G32: 0 | H32: 3 | I32: =sum(C32+1.2*D32+1.5*E32+2*F32+2*G32)-H32 -> 32.4
A33: F/C | B33: Jimmy Butler | C33: 27 | D33: 5 | E33: 6 | F33: 0 | G33: 1 | H33: 1 | I33: =sum(C33+1.2*D33+1.5*E33+2*F33+2*G33)-H33 -> 43
A34: F/C | B34: Jabari Smith Jr | C34: 6 | D34: 2 | E34: 3 | F34: 0 | G34: 1 | H34: 1 | I34: =sum(C34+1.2*D34+1.5*E34+2*F34+2*G34)-H34 -> 13.9
B35: Totals | C35: =SUM(C30:C34) -> 58 | D35: =SUM(D30:D34)*1.2 -> 24 | E35: =SUM(E30:E34)*1.5 -> 28.5 | F35: =SUM(F30:F34)*2 -> 2 | G35: =SUM(G30:G34)*2 -> 4 | H35: =SUM(H30:H34) *-1 -> -9 | I35: =SUM(C35:H35) -> 107.5

Sheet 42725
A1: Jon | I1: =I8 -> 214.4
A2: Position | B2: Player | C2: Points (1) | D2: Rebounds (1.2) | E2: Assists (1.5) | F2: Steals (2) | G2: Blocks (2) | H2: Turnovers (-1) | I2: Total
A3: G | B3: Mikal Bridges | C3: 8 | D3: 6 | E3: 1 | F3: 3 | G3: 1 | H3: 1 | I3: =sum(C3+1.2*D3+1.5*E3+2*F3+2*G3)-H3 -> 23.7
A4: G | B4: Jalen Brunson | C4: 32 | D4: 5 | E4: 11 | F4: 0 | G4: 1 | H4: 2 | I4: =sum(C4+1.2*D4+1.5*E4+2*F4+2*G4)-H4 -> 54.5
A5: F/C | B5: Giannis Antetokounmpo | C5: 28 | D5: 15 | E5: 6 | F5: 1 | G5: 0 | H5: 2 | I5: =sum(C5+1.2*D5+1.5*E5+2*F5+2*G5)-H5 -> 55
A6: F/C | B6: Franz Wagner | C6: 24 | D6: 6 | E6: 7 | F6: 0 | G6: 0 | H6: 2 | I6: =sum(C6+1.2*D6+1.5*E6+2*F6+2*G6)-H6 -> 39.7
A7: F/C | B7: Myles Turner | C7: 23 | D7: 5 | E7: 3 | F7: 0 | G7: 4 | H7: 0 | I7: =sum(C7+1.2*D7+1.5*E7+2*F7+2*G7)-H7 -> 41.5
B8: Totals | C8: =SUM(C3:C7) -> 115 | D8: =SUM(D3:D7)*1.2 -> 44.4 | E8: =SUM(E3:E7)*1.5 -> 42 | F8: =SUM(F3:F7)*2 -> 8 | G8: =SUM(G3:G7)*2 -> 12 | H8: =SUM(H3:H7) *-1 -> -7 | I8: =SUM(C8:H8) -> 214.4
A10: Josh | I10: =I17 -> 191.8
A11: Position | B11: Player | C11: Points (1) | D11: Rebounds (1.2) | E11: Assists (1.5) | F11: Steals (2) | G11: Blocks (2) | H11: Turnovers (-1) | I11: Total
A12: G | B12: Luka Doncic | C12: 38 | D12: 1 | E12: 2 | F12: 1 | G12: 1 | H12: 4 | I12: =sum(C12+1.2*D12+1.5*E12+2*F12+2*G12)-H12 -> 42.2
A13: G | B13: Anthony Edwards | C13: 43 | D13: 9 | E13: 6 | F13: 0 | G13: 1 | H13: 1 | I13: =sum(C13+1.2*D13+1.5*E13+2*F13+2*G13)-H13 -> 63.8
A14: F/C | B14: Jaylen Brown | C14: 21 | D14: 11 | E14: 1 | F14: 2 | G14: 0 | H14: 4 | I14: =sum(C14+1.2*D14+1.5*E14+2*F14+2*G14)-H14 -> 35.7
A15: F/C | B15: Kristaps Porzingis | C15: 19 | D15: 5 | E15: 1 | F15: 1 | G15: 0 | H15: 1 | I15: =sum(C15+1.2*D15+1.5*E15+2*F15+2*G15)-H15 -> 27.5
A16: F/C | B16: Pascal Siakam | C16: 12 | D16: 3 | E16: 4 | F16: 0 | G16: 1 | H16: 1 | I16: =sum(C16+1.2*D16+1.5*E16+2*F16+2*G16)-H16 -> 22.6
B17: Totals | C17: =SUM(C12:C16) -> 133 | D17: =SUM(D12:D16)*1.2 -> 34.8 | E17: =SUM(E12:E16)*1.5 -> 21 | F17: =SUM(F12:F16)*2 -> 8 | G17: =SUM(G12:G16)*2 -> 6 | H17: =SUM(H12:H16) *-1 -> -11 | I17: =SUM(C17:H17) -> 191.8
A19: Mark | I19: =I26 -> 231.4
A20: Position | B20: Player | C20: Points (1) | D20: Rebounds (1.2) | E20: Assists (1.5) | F20: Steals (2) | G20: Blocks (2) | H20: Turnovers (-1) | I20: Total
A21: G | B21: Cade Cunningham | C21: 25 | D21: 10 | E21: 10 | F21: 0 | G21: 4 | H21: 7 | I21: =sum(C21+1.2*D21+1.5*E21+2*F21+2*G21)-H21 -> 53
A22: G | B22: Derrick White | C22: 18 | D22: 7 | E22: 7 | F22: 0 | G22: 1 | H22: 1 | I22: =sum(C22+1.2*D22+1.5*E22+2*F22+2*G22)-H22 -> 37.9
A23: F/C | B23: Jayson Tatum | C23: 37 | D23: 14 | E23: 3 | F23: 3 | G23: 0 | H23: 2 | I23: =sum(C23+1.2*D23+1.5*E23+2*F23+2*G23)-H23 -> 62.3
A24: F/C | B24: Julius Randle | C24: 25 | D24: 7 | E24: 3 | F24: 1 | G24: 0 | H24: 0 | I24: =sum(C24+1.2*D24+1.5*E24+2*F24+2*G24)-H24 -> 39.9
A25: F/C | B25: Karl-Anthony Towns | C25: 27 | D25: 9 | E25: 1 | F25: 0 | G25: 1 | H25: 3 | I25: =sum(C25+1.2*D25+1.5*E25+2*F25+2*G25)-H25 -> 38.3
B26: Totals | C26: =SUM(C21:C25) -> 132 | D26: =SUM(D21:D25)*1.2 -> 56.4 | E26: =SUM(E21:E25)*1.5 -> 36 | F26: =SUM(F21:F25)*2 -> 8 | G26: =SUM(G21:G25)*2 -> 12 | H26: =SUM(H21:H25) *-1 -> -13 | I26: =SUM(C26:H26) -> 231.4
A28: Andy | I28: =I35 -> 189.2
A29: Position | B29: Player | C29: Points (1) | D29: Rebounds (1.2) | E29: Assists (1.5) | F29: Steals (2) | G29: Blocks (2) | H29: Turnovers (-1) | I29: Total
A30: G | B30: Tyrese Haliburton | C30: 17 | D30: 8 | E30: 15 | F30: 1 | G30: 0 | H30: 5 | I30: =sum(C30+1.2*D30+1.5*E30+2*F30+2*G30)-H30 -> 46.1
A31: G | B31: Damian Lillard | C31: 0 | D31: 2 | E31: 2 | F31: 0 | G31: 0 | H31: 0 | I31: =sum(C31+1.2*D31+1.5*E31+2*F31+2*G31)-H31 -> 5.4
A32: F/C | B32: Paolo Banchero | C32: 31 | D32: 7 | E32: 3 | F32: 0 | G32: 1 | H32: 4 | I32: =sum(C32+1.2*D32+1.5*E32+2*F32+2*G32)-H32 -> 41.9
A33: F/C | B33: LeBron James | C33: 27 | D33: 12 | E33: 8 | F33: 3 | G33: 3 | H33: 3 | I33: =sum(C33+1.2*D33+1.5*E33+2*F33+2*G33)-H33 -> 62.4
A34: F/C | B34: Jalen Duren | C34: 6 | D34: 17 | E34: 4 | F34: 0 | G34: 2 | H34: 3 | I34: =sum(C34+1.2*D34+1.5*E34+2*F34+2*G34)-H34 -> 33.4
B35: Totals | C35: =SUM(C30:C34) -> 81 | D35: =SUM(D30:D34)*1.2 -> 55.2 | E35: =SUM(E30:E34)*1.5 -> 48 | F35: =SUM(F30:F34)*2 -> 8 | G35: =SUM(G30:G34)*2 -> 12 | H35: =SUM(H30:H34) *-1 -> -15 | I35: =SUM(C35:H35) -> 189.2

Sheet 42625
A1: Josh | I1: =I8 -> 181.3
A2: Position | B2: Player | C2: Points (1) | D2: Rebounds (1.2) | E2: Assists (1.5) | F2: Steals (2) | G2: Blocks (2) | H2: Turnovers (-1) | I2: Total
A3: G | B3: Donovan Mitchell | C3: 13 | D3: 3 | E3: 1 | F3: 0 | G3: 0 | H3: 1 | I3: =sum(C3+1.2*D3+1.5*E3+2*F3+2*G3)-H3 -> 17.1
A4: G | B4: Tyler Herro | C4: 13 | D4: 4 | E4: 3 | F4: 1 | G4: 0 | H4: 3 | I4: =sum(C4+1.2*D4+1.5*E4+2*F4+2*G4)-H4 -> 21.3
A5: F/C | B5: Nikola Jokic | C5: 36 | D5: 21 | E5: 8 | F5: 2 | G5: 1 | H5: 2 | I5: =sum(C5+1.2*D5+1.5*E5+2*F5+2*G5)-H5 -> 77.2
A6: F/C | B6: Kawhi Leonard | C6: 24 | D6: 9 | E6: 2 | F6: 2 | G6: 0 | H6: 2 | I6: =sum(C6+1.2*D6+1.5*E6+2*F6+2*G6)-H6 -> 39.8
A7: F/C | B7: Chet Holmgren | C7: 11 | D7: 2 | E7: 1 | F7: 2 | G7: 4 | H7: 1 | I7: =sum(C7+1.2*D7+1.5*E7+2*F7+2*G7)-H7 -> 25.9
B8: Totals | C8: =SUM(C3:C7) -> 97 | D8: =SUM(D3:D7)*1.2 -> 46.8 | E8: =SUM(E3:E7)*1.5 -> 22.5 | F8: =SUM(F3:F7)*2 -> 14 | G8: =SUM(G3:G7)*2 -> 10 | H8: =SUM(H3:H7) *-1 -> -9 | I8: =SUM(C8:H8) -> 181.3
A10: Andy | I10: =I17 -> 201.7
A11: Position | B11: Player | C11: Points (1) | D11: Rebounds (1.2) | E11: Assists (1.5) | F11: Steals (2) | G11: Blocks (2) | H11: Turnovers (-1) | I11: Total
A12: G | B12: Shai Gilgeous-Alexander | C12: 38 | D12: 5 | E12: 6 | F12: 2 | G12: 1 | H12: 1 | I12: =sum(C12+1.2*D12+1.5*E12+2*F12+2*G12)-H12 -> 58
A13: G | B13: Steph Curry | C13: 36 | D13: 7 | E13: 9 | F13: 1 | G13: 2 | H13: 2 | I13: =sum(C13+1.2*D13+1.5*E13+2*F13+2*G13)-H13 -> 61.9
A14: F/C | B14: Bam Adebayo | C14: 22 | D14: 9 | E14: 1 | F14: 0 | G14: 0 | H14: 6 | I14: =sum(C14+1.2*D14+1.5*E14+2*F14+2*G14)-H14 -> 28.3
A15: F/C | B15: Evan Mobley | C15: 19 | D15: 6 | E15: 3 | F15: 1 | G15: 1 | H15: 2 | I15: =sum(C15+1.2*D15+1.5*E15+2*F15+2*G15)-H15 -> 32.7
A16: F/C | B16: Jaren Jackson Jr. | C16: 12 | D16: 4 | E16: 2 | F16: 2 | G16: 1 | H16: 5 | I16: =sum(C16+1.2*D16+1.5*E16+2*F16+2*G16)-H16 -> 20.8
B17: Totals | C17: =SUM(C12:C16) -> 127 | D17: =SUM(D12:D16)*1.2 -> 37.2 | E17: =SUM(E12:E16)*1.5 -> 31.5 | F17: =SUM(F12:F16)*2 -> 12 | G17: =SUM(G12:G16)*2 -> 10 | H17: =SUM(H12:H16) *-1 -> -16 | I17: =SUM(C17:H17) -> 201.7
A19: Mark | I19: =I26 -> 187.1
A20: Position | B20: Player | C20: Points (1) | D20: Rebounds (1.2) | E20: Assists (1.5) | F20: Steals (2) | G20: Blocks (2) | H20: Turnovers (-1) | I20: Total
A21: G | B21: James Harden | C21: 15 | D21: 4 | E21: 11 | F21: 2 | G21: 2 | H21: 4 | I21: =sum(C21+1.2*D21+1.5*E21+2*F21+2*G21)-H21 -> 40.3
A22: G | B22: Jamal Murray | C22: 13 | D22: 7 | E22: 7 | F22: 2 | G22: 0 | H22: 3 | I22: =sum(C22+1.2*D22+1.5*E22+2*F22+2*G22)-H22 -> 32.9
A23: F/C | B23: Alperun Sengun | C23: 15 | D23: 11 | E23: 4 | F23: 0 | G23: 0 | H23: 1 | I23: =sum(C23+1.2*D23+1.5*E23+2*F23+2*G23)-H23 -> 33.2
A24: F/C | B24: Ivica Zubac | C24: 19 | D24: 12 | E24: 6 | F24: 1 | G24: 1 | H24: 0 | I24: =sum(C24+1.2*D24+1.5*E24+2*F24+2*G24)-H24 -> 46.4
A25: F/C | B25: Jalen Williams | C25: 23 | D25: 4 | E25: 5 | F25: 0 | G25: 0 | H25: 1 | I25: =sum(C25+1.2*D25+1.5*E25+2*F25+2*G25)-H25 -> 34.3
B26: Totals | C26: =SUM(C21:C25) -> 85 | D26: =SUM(D21:D25)*1.2 -> 45.6 | E26: =SUM(E21:E25)*1.5 -> 49.5 | F26: =SUM(F21:F25)*2 -> 10 | G26: =SUM(G21:G25)*2 -> 6 | H26: =SUM(H21:H25) *-1 -> -9 | I26: =SUM(C26:H26) -> 187.1
I28: =I35 -> 0
A29: Position | B29: Player | C29: Points (1) | D29: Rebounds (1.2) | E29: Assists (1.5) | F29: Steals (2) | G29: Blocks (2) | H29: Turnovers (-1) | I29: Total
A30: G | I30: =sum(C30+1.2*D30+1.5*E30+2*F30+2*G30)-H30 -> 0
A31: G | I31: =sum(C31+1.2*D31+1.5*E31+2*F31+2*G31)-H31 -> 0
A32: F/C | I32: =sum(C32+1.2*D32+1.5*E32+2*F32+2*G32)-H32 -> 0
A33: F/C | I33: =sum(C33+1.2*D33+1.5*E33+2*F33+2*G33)-H33 -> 0
A34: F/C | I34: =sum(C34+1.2*D34+1.5*E34+2*F34+2*G34)-H34 -> 0
B35: Totals | C35: =SUM(C30:C34) -> 0 | D35: =SUM(D30:D34)*1.2 -> 0 | E35: =SUM(E30:E34)*1.5 -> 0 | F35: =SUM(F30:F34)*2 -> 0 | G35: =SUM(G30:G34)*2 -> 0 | H35: =SUM(H30:H34) *-1 -> 0 | I35: =SUM(C35:H35) -> 0

Sheet 42525
A1: Jon | I1: =I8 -> 152.4
A2: Position | B2: Player | C2: Points (1) | D2: Rebounds (1.2) | E2: Assists (1.5) | F2: Steals (2) | G2: Blocks (2) | H2: Turnovers (-1) | I2: Total
A3: G | B3: Luka Doncic | C3: 17 | D3: 7 | E3: 8 | F3: 1 | G3: 1 | H3: 5 | I3: =sum(C3+1.2*D3+1.5*E3+2*F3+2*G3)-H3 -> 36.4
A4: G | B4: Andrew Nembhard | C4: 6 | D4: 1 | E4: 5 | F4: 1 | G4: 0 | H4: 0 | I4: =sum(C4+1.2*D4+1.5*E4+2*F4+2*G4)-H4 -> 16.7
A5: F/C | B5: Jaylen Brown | C5: 19 | D5: 6 | E5: 1 | F5: 1 | G5: 1 | H5: 6 | I5: =sum(C5+1.2*D5+1.5*E5+2*F5+2*G5)-H5 -> 25.7
A6: F/C | B6: Franz Wagner | C6: 32 | D6: 7 | E6: 8 | F6: 2 | G6: 0 | H6: 1 | I6: =sum(C6+1.2*D6+1.5*E6+2*F6+2*G6)-H6 -> 55.4
A7: F/C | B7: Naz Reid | C7: 11 | D7: 6 | E7: 0 | F7: 0 | G7: 0 | H7: 0 | I7: =sum(C7+1.2*D7+1.5*E7+2*F7+2*G7)-H7 -> 18.2
B8: Totals | C8: =SUM(C3:C7) -> 85 | D8: =SUM(D3:D7)*1.2 -> 32.4 | E8: =SUM(E3:E7)*1.5 -> 33 | F8: =SUM(F3:F7)*2 -> 10 | G8: =SUM(G3:G7)*2 -> 4 | H8: =SUM(H3:H7) *-1 -> -12 | I8: =SUM(C8:H8) -> 152.4
A10: Andy | I10: =I17 -> 169
A11: Position | B11: Player | C11: Points (1) | D11: Rebounds (1.2) | E11: Assists (1.5) | F11: Steals (2) | G11: Blocks (2) | H11: Turnovers (-1) | I11: Total
A12: G | B12: Tyrese Haliburton | C12: 14 | D12: 7 | E12: 10 | F12: 0 | G12: 1 | H12: 1 | I12: =sum(C12+1.2*D12+1.5*E12+2*F12+2*G12)-H12 -> 38.4
A13: G | B13: Austin Reaves | C13: 20 | D13: 7 | E13: 4 | F13: 0 | G13: 1 | H13: 4 | I13: =sum(C13+1.2*D13+1.5*E13+2*F13+2*G13)-H13 -> 32.4
A14: F/C | B14: Giannis Antetokoumpo | C14: 37 | D14: 12 | E14: 6 | F14: 1 | G14: 0 | H14: 5 | I14: =sum(C14+1.2*D14+1.5*E14+2*F14+2*G14)-H14 -> 57.4
A15: F/C | B15: Kristaps Porzingis | C15: 7 | D15: 6 | E15: 1 | F15: 1 | G15: 0 | H15: 2 | I15: =sum(C15+1.2*D15+1.5*E15+2*F15+2*G15)-H15 -> 15.7
A16: F/C | B16: Bobby Portis | C16: 10 | D16: 8 | E16: 3 | F16: 1 | G16: 1 | H16: 3 | I16: =sum(C16+1.2*D16+1.5*E16+2*F16+2*G16)-H16 -> 25.1
B17: Totals | C17: =SUM(C12:C16) -> 88 | D17: =SUM(D12:D16)*1.2 -> 48 | E17: =SUM(E12:E16)*1.5 -> 36 | F17: =SUM(F12:F16)*2 -> 6 | G17: =SUM(G12:G16)*2 -> 6 | H17: =SUM(H12:H16) *-1 -> -15 | I17: =SUM(C17:H17) -> 169
A19: Josh | I19: =I26 -> 151
A20: Position | B20: Player | C20: Points (1) | D20: Rebounds (1.2) | E20: Assists (1.5) | F20: Steals (2) | G20: Blocks (2) | H20: Turnovers (-1) | I20: Total
A21: G | B21: Derrick White | C21: 16 | D21: 3 | E21: 5 | F21: 2 | G21: 1 | H21: 0 | I21: =sum(C21+1.2*D21+1.5*E21+2*F21+2*G21)-H21 -> 33.1
A22: G | B22: Peyton Pritchard | C22: 3 | D22: 1 | E22: 0 | F22: 2 | G22: 0 | H22: 3 | I22: =sum(C22+1.2*D22+1.5*E22+2*F22+2*G22)-H22 -> 5.2
A23: F/C | B23: Paolo Banchero | C23: 29 | D23: 6 | E23: 1 | F23: 2 | G23: 0 | H23: 4 | I23: =sum(C23+1.2*D23+1.5*E23+2*F23+2*G23)-H23 -> 37.7
A24: F/C | B24: Pascal Siakam | C24: 28 | D24: 5 | E24: 2 | F24: 2 | G24: 0 | H24: 0 | I24: =sum(C24+1.2*D24+1.5*E24+2*F24+2*G24)-H24 -> 41
A25: F/C | B25: Julius Randle | C25: 22 | D25: 5 | E25: 4 | F25: 1 | G25: 0 | H25: 2 | I25: =sum(C25+1.2*D25+1.5*E25+2*F25+2*G25)-H25 -> 34
B26: Totals | C26: =SUM(C21:C25) -> 98 | D26: =SUM(D21:D25)*1.2 -> 24 | E26: =SUM(E21:E25)*1.5 -> 18 | F26: =SUM(F21:F25)*2 -> 18 | G26: =SUM(G21:G25)*2 -> 2 | H26: =SUM(H21:H25) *-1 -> -9 | I26: =SUM(C26:H26) -> 151
A28: Mark | I28: =I35 -> 203.1
A29: Position | B29: Player | C29: Points (1) | D29: Rebounds (1.2) | E29: Assists (1.5) | F29: Steals (2) | G29: Blocks (2) | H29: Turnovers (-1) | I29: Total
A30: G | B30: Anthony Edwards | C30: 29 | D30: 8 | E30: 8 | F30: 2 | G30: 1 | H30: 2 | I30: =sum(C30+1.2*D30+1.5*E30+2*F30+2*G30)-H30 -> 54.6
A31: G | B31: Damian Lillard | C31: 7 | D31: 3 | E31: 5 | F31: 2 | G31: 2 | H31: 1 | I31: =sum(C31+1.2*D31+1.5*E31+2*F31+2*G31)-H31 -> 25.1
A32: F/C | B32: LeBron James | C32: 38 | D32: 10 | E32: 4 | F32: 2 | G32: 2 | H32: 1 | I32: =sum(C32+1.2*D32+1.5*E32+2*F32+2*G32)-H32 -> 63
A33: F/C | B33: Myles Turner | C33: 6 | D33: 3 | E33: 2 | F33: 0 | G33: 1 | H33: 4 | I33: =sum(C33+1.2*D33+1.5*E33+2*F33+2*G33)-H33 -> 10.6
A34: F/C | B34: Jayson Tatum | C34: 36 | D34: 9 | E34: 4 | F34: 1 | G34: 1 | H34: 7 | I34: =sum(C34+1.2*D34+1.5*E34+2*F34+2*G34)-H34 -> 49.8
B35: Totals | C35: =SUM(C30:C34) -> 116 | D35: =SUM(D30:D34)*1.2 -> 39.6 | E35: =SUM(E30:E34)*1.5 -> 34.5 | F35: =SUM(F30:F34)*2 -> 14 | G35: =SUM(G30:G34)*2 -> 14 | H35: =SUM(H30:H34) *-1 -> -15 | I35: =SUM(C35:H35) -> 203.1

Sheet 42425
A1: Andy | I1: =I8 -> 171.5
A2: Position | B2: Player | C2: Points (1) | D2: Rebounds (1.2) | E2: Assists (1.5) | F2: Steals (2) | G2: Blocks (2) | H2: Turnovers (-1) | I2: Total
A3: G | B3: Malik Beasley | C3: 12 | D3: 2 | E3: 1 | F3: 0 | G3: 0 | H3: 0 | I3: =sum(C3+1.2*D3+1.5*E3+2*F3+2*G3)-H3 -> 15.9
A4: G | B4: Ja Morant | C4: 15 | D4: 1 | E4: 5 | F4: 0 | G4: 0 | H4: 0 | I4: =sum(C4+1.2*D4+1.5*E4+2*F4+2*G4)-H4 -> 23.7
A5: F/C | B5: Nikola Jokic | C5: 23 | D5: 13 | E5: 13 | F5: 1 | G5: 0 | H5: 2 | I5: =sum(C5+1.2*D5+1.5*E5+2*F5+2*G5)-H5 -> 58.1
A6: F/C | B6: Jalen Duren | C6: 16 | D6: 8 | E6: 3 | F6: 0 | G6: 0 | H6: 1 | I6: =sum(C6+1.2*D6+1.5*E6+2*F6+2*G6)-H6 -> 29.1
A7: F/C | B7: Jalen Williams | C7: 26 | D7: 6 | E7: 5 | F7: 2 | G7: 1 | H7: 2 | I7: =sum(C7+1.2*D7+1.5*E7+2*F7+2*G7)-H7 -> 44.7
B8: Totals | C8: =SUM(C3:C7) -> 92 | D8: =SUM(D3:D7)*1.2 -> 36 | E8: =SUM(E3:E7)*1.5 -> 40.5 | F8: =SUM(F3:F7)*2 -> 6 | G8: =SUM(G3:G7)*2 -> 2 | H8: =SUM(H3:H7) *-1 -> -5 | I8: =SUM(C8:H8) -> 171.5
A10: Mark | I10: =I17 -> 193.3
A11: Position | B11: Player | C11: Points (1) | D11: Rebounds (1.2) | E11: Assists (1.5) | F11: Steals (2) | G11: Blocks (2) | H11: Turnovers (-1) | I11: Total
A12: G | B12: Cade Cunningham | C12: 24 | D12: 7 | E12: 11 | F12: 4 | G12: 2 | H12: 6 | I12: =sum(C12+1.2*D12+1.5*E12+2*F12+2*G12)-H12 -> 54.9
A13: G | B13: Jamal Murray | C13: 23 | D13: 0 | E13: 4 | F13: 1 | G13: 0 | H13: 3 | I13: =sum(C13+1.2*D13+1.5*E13+2*F13+2*G13)-H13 -> 28
A14: F/C | B14: Josh Hart | C14: 6 | D14: 11 | E14: 9 | F14: 2 | G14: 1 | H14: 1 | I14: =sum(C14+1.2*D14+1.5*E14+2*F14+2*G14)-H14 -> 37.7
A15: F/C | B15: Karl-Anthony Towns | C15: 31 | D15: 8 | E15: 1 | F15: 1 | G15: 2 | H15: 2 | I15: =sum(C15+1.2*D15+1.5*E15+2*F15+2*G15)-H15 -> 46.1
A16: F/C | B16: Desmond Bane | C16: 10 | D16: 8 | E16: 4 | F16: 2 | G16: 1 | H16: 5 | I16: =sum(C16+1.2*D16+1.5*E16+2*F16+2*G16)-H16 -> 26.6
B17: Totals | C17: =SUM(C12:C16) -> 94 | D17: =SUM(D12:D16)*1.2 -> 40.8 | E17: =SUM(E12:E16)*1.5 -> 43.5 | F17: =SUM(F12:F16)*2 -> 20 | G17: =SUM(G12:G16)*2 -> 12 | H17: =SUM(H12:H16) *-1 -> -17 | I17: =SUM(C17:H17) -> 193.3
A19: Jon | I19: =I26 -> 168.7
A20: Position | B20: Player | C20: Points (1) | D20: Rebounds (1.2) | E20: Assists (1.5) | F20: Steals (2) | G20: Blocks (2) | H20: Turnovers (-1) | I20: Total
A21: G | B21: Shai Gilgeous-Alexander | C21: 31 | D21: 4 | E21: 8 | F21: 1 | G21: 1 | H21: 3 | I21: =sum(C21+1.2*D21+1.5*E21+2*F21+2*G21)-H21 -> 48.8
A22: G | B22: James Harden | C22: 20 | D22: 6 | E22: 9 | F22: 0 | G22: 0 | H22: 1 | I22: =sum(C22+1.2*D22+1.5*E22+2*F22+2*G22)-H22 -> 39.7
A23: F/C | B23: Tobias Harris | C23: 5 | D23: 6 | E23: 0 | F23: 1 | G23: 0 | H23: 1 | I23: =sum(C23+1.2*D23+1.5*E23+2*F23+2*G23)-H23 -> 13.2
A24: F/C | B24: Jaren Jackson Jr. | C24: 22 | D24: 7 | E24: 2 | F24: 1 | G24: 1 | H24: 3 | I24: =sum(C24+1.2*D24+1.5*E24+2*F24+2*G24)-H24 -> 34.4
A25: F/C | B25: Chet Holmgren | C25: 24 | D25: 8 | E25: 0 | F25: 0 | G25: 0 | H25: 1 | I25: =sum(C25+1.2*D25+1.5*E25+2*F25+2*G25)-H25 -> 32.6
B26: Totals | C26: =SUM(C21:C25) -> 102 | D26: =SUM(D21:D25)*1.2 -> 37.2 | E26: =SUM(E21:E25)*1.5 -> 28.5 | F26: =SUM(F21:F25)*2 -> 6 | G26: =SUM(G21:G25)*2 -> 4 | H26: =SUM(H21:H25) *-1 -> -9 | I26: =SUM(C26:H26) -> 168.7
A28: Josh | I28: =I35 -> 186.7
A29: Position | B29: Player | C29: Points (1) | D29: Rebounds (1.2) | E29: Assists (1.5) | F29: Steals (2) | G29: Blocks (2) | H29: Turnovers (-1) | I29: Total
A30: G | B30: Mikal Bridges | C30: 20 | D30: 7 | E30: 3 | F30: 3 | G30: 2 | H30: 3 | I30: =sum(C30+1.2*D30+1.5*E30+2*F30+2*G30)-H30 -> 39.9
A31: G | B31: Jalen Brunson | C31: 30 | D31: 7 | E31: 9 | F31: 0 | G31: 1 | H31: 1 | I31: =sum(C31+1.2*D31+1.5*E31+2*F31+2*G31)-H31 -> 52.9
A32: F/C | B32: Aaron Gordon | C32: 15 | D32: 7 | E32: 0 | F32: 0 | G32: 0 | H32: 2 | I32: =sum(C32+1.2*D32+1.5*E32+2*F32+2*G32)-H32 -> 21.4
A33: F/C | B33: Ivica Zubac | C33: 19 | D33: 9 | E33: 1 | F33: 0 | G33: 1 | H33: 2 | I33: =sum(C33+1.2*D33+1.5*E33+2*F33+2*G33)-H33 -> 31.3
A34: F/C | B34: Kawhi Leonard | C34: 21 | D34: 11 | E34: 6 | F34: 0 | G34: 0 | H34: 2 | I34: =sum(C34+1.2*D34+1.5*E34+2*F34+2*G34)-H34 -> 41.2
B35: Totals | C35: =SUM(C30:C34) -> 105 | D35: =SUM(D30:D34)*1.2 -> 49.2 | E35: =SUM(E30:E34)*1.5 -> 28.5 | F35: =SUM(F30:F34)*2 -> 6 | G35: =SUM(G30:G34)*2 -> 8 | H35: =SUM(H30:H34) *-1 -> -10 | I35: =SUM(C35:H35) -> 186.7

Sheet 42325
A1: Josh | I1: =I8 -> 184.4
A2: Position | B2: Player | C2: Points (1) | D2: Rebounds (1.2) | E2: Assists (1.5) | F2: Steals (2) | G2: Blocks (2) | H2: Turnovers (-1) | I2: Total
A3: G | B3: Donovan Mitchell | C3: 30 | D3: 6 | E3: 6 | F3: 1 | G3: 0 | H3: 1 | I3: =sum(C3+1.2*D3+1.5*E3+2*F3+2*G3)-H3 -> 47.2
A4: G | B4: Fred VanVleet | C4: 7 | D4: 6 | E4: 2 | F4: 3 | G4: 1 | H4: 0 | I4: =sum(C4+1.2*D4+1.5*E4+2*F4+2*G4)-H4 -> 25.2
A5: F/C | B5: Jaylen Brown | C5: 36 | D5: 10 | E5: 5 | F5: 1 | G5: 0 | H5: 3 | I5: =sum(C5+1.2*D5+1.5*E5+2*F5+2*G5)-H5 -> 54.5
A6: F/C | B6: Franz Wagner | C6: 25 | D6: 4 | E6: 4 | F6: 2 | G6: 0 | H6: 2 | I6: =sum(C6+1.2*D6+1.5*E6+2*F6+2*G6)-H6 -> 37.8
A7: F/C | B7: Andrew Wiggins | C7: 10 | D7: 1 | E7: 3 | F7: 0 | G7: 3 | H7: 2 | I7: =sum(C7+1.2*D7+1.5*E7+2*F7+2*G7)-H7 -> 19.7
B8: Totals | C8: =SUM(C3:C7) -> 108 | D8: =SUM(D3:D7)*1.2 -> 32.4 | E8: =SUM(E3:E7)*1.5 -> 30 | F8: =SUM(F3:F7)*2 -> 14 | G8: =SUM(G3:G7)*2 -> 8 | H8: =SUM(H3:H7) *-1 -> -8 | I8: =SUM(C8:H8) -> 184.4
A10: Jon | I10: =I17 -> 183.6
A11: Position | B11: Player | C11: Points (1) | D11: Rebounds (1.2) | E11: Assists (1.5) | F11: Steals (2) | G11: Blocks (2) | H11: Turnovers (-1) | I11: Total
A12: G | B12: Darius Garland | C12: 21 | D12: 2 | E12: 9 | F12: 0 | G12: 0 | H12: 1 | I12: =sum(C12+1.2*D12+1.5*E12+2*F12+2*G12)-H12 -> 35.9
A13: G | B13: Jalen Green | C13: 38 | D13: 4 | E13: 6 | F13: 3 | G13: 0 | H13: 2 | I13: =sum(C13+1.2*D13+1.5*E13+2*F13+2*G13)-H13 -> 55.8
A14: F/C/Jerome | B14: Ty Jerome | C14: 6 | D14: 3 | E14: 0 | F14: 1 | G14: 0 | H14: 1 | I14: =sum(C14+1.2*D14+1.5*E14+2*F14+2*G14)-H14 -> 10.6
A15: F/C | B15: Bam Adebayo | C15: 11 | D15: 14 | E15: 9 | F15: 1 | G15: 0 | H15: 2 | I15: =sum(C15+1.2*D15+1.5*E15+2*F15+2*G15)-H15 -> 41.3
A16: F/C | B16: Kristaps Porzingis | C16: 20 | D16: 10 | E16: 0 | F16: 2 | G16: 2 | H16: 0 | I16: =sum(C16+1.2*D16+1.5*E16+2*F16+2*G16)-H16 -> 40
B17: Totals | C17: =SUM(C12:C16) -> 96 | D17: =SUM(D12:D16)*1.2 -> 39.6 | E17: =SUM(E12:E16)*1.5 -> 36 | F17: =SUM(F12:F16)*2 -> 14 | G17: =SUM(G12:G16)*2 -> 4 | H17: =SUM(H12:H16) *-1 -> -6 | I17: =SUM(C17:H17) -> 183.6
A19: Mark | I19: =I26 -> 162.2
A20: Position | B20: Player | C20: Points (1) | D20: Rebounds (1.2) | E20: Assists (1.5) | F20: Steals (2) | G20: Blocks (2) | H20: Turnovers (-1) | I20: Total
A21: G | B21: Tyler Herro | C21: 33 | D21: 6 | E21: 5 | F21: 0 | G21: 0 | H21: 2 | I21: =sum(C21+1.2*D21+1.5*E21+2*F21+2*G21)-H21 -> 45.7
A22: G | B22: Derrick White | C22: 17 | D22: 6 | E22: 5 | F22: 1 | G22: 0 | H22: 2 | I22: =sum(C22+1.2*D22+1.5*E22+2*F22+2*G22)-H22 -> 31.7
A23: F/C | B23: Paolo Banchero | C23: 32 | D23: 9 | E23: 7 | F23: 0 | G23: 2 | H23: 0 | I23: =sum(C23+1.2*D23+1.5*E23+2*F23+2*G23)-H23 -> 57.3
A24: F/C | B24: Jimmy Butler | C24: 3 | D24: 2 | E24: 0 | F24: 0 | G24: 0 | H24: 0 | I24: =sum(C24+1.2*D24+1.5*E24+2*F24+2*G24)-H24 -> 5.4
A25: F/C | B25: Jarrett Allen | C25: 9 | D25: 8 | E25: 1 | F25: 1 | G25: 1 | H25: 2 | I25: =sum(C25+1.2*D25+1.5*E25+2*F25+2*G25)-H25 -> 22.1
B26: Totals | C26: =SUM(C21:C25) -> 94 | D26: =SUM(D21:D25)*1.2 -> 37.2 | E26: =SUM(E21:E25)*1.5 -> 27 | F26: =SUM(F21:F25)*2 -> 4 | G26: =SUM(G21:G25)*2 -> 6 | H26: =SUM(H21:H25) *-1 -> -6 | I26: =SUM(C26:H26) -> 162.2
A28: Andy | I28: =I35 -> 149.2
A29: Position | B29: Player | C29: Points (1) | D29: Rebounds (1.2) | E29: Assists (1.5) | F29: Steals (2) | G29: Blocks (2) | H29: Turnovers (-1) | I29: Total
A30: G | B30: Stephen Curry | C30: 20 | D30: 5 | E30: 9 | F30: 1 | G30: 1 | H30: 6 | I30: =sum(C30+1.2*D30+1.5*E30+2*F30+2*G30)-H30 -> 37.5
A31: G | B31: Payton Pritchard | C31: 14 | D31: 3 | E31: 0 | F31: 1 | G31: 0 | H31: 1 | I31: =sum(C31+1.2*D31+1.5*E31+2*F31+2*G31)-H31 -> 18.6
A32: F/C | B32: Alperen Sengun | C32: 17 | D32: 16 | E32: 7 | F32: 2 | G32: 0 | H32: 3 | I32: =sum(C32+1.2*D32+1.5*E32+2*F32+2*G32)-H32 -> 47.7
A33: F/C | B33: Evan Mobley | C33: 20 | D33: 6 | E33: 1 | F33: 1 | G33: 0 | H33: 2 | I33: =sum(C33+1.2*D33+1.5*E33+2*F33+2*G33)-H33 -> 28.7
A34: F/C | B34: Amen Thompson | C34: 11 | D34: 1 | E34: 3 | F34: 0 | G34: 0 | H34: 0 | I34: =sum(C34+1.2*D34+1.5*E34+2*F34+2*G34)-H34 -> 16.7
B35: Totals | C35: =SUM(C30:C34) -> 82 | D35: =SUM(D30:D34)*1.2 -> 37.2 | E35: =SUM(E30:E34)*1.5 -> 30 | F35: =SUM(F30:F34)*2 -> 10 | G35: =SUM(G30:G34)*2 -> 2 | H35: =SUM(H30:H34) *-1 -> -12 | I35: =SUM(C35:H35) -> 149.2

Sheet 42225
A1: Jon | I1: =I8 -> 172.3
A2: Position | B2: Player | C2: Points (1) | D2: Rebounds (1.2) | E2: Assists (1.5) | F2: Steals (2) | G2: Blocks (2) | H2: Turnovers (-1) | I2: Total
A3: G | B3: Luka Doncic | C3: 31 | D3: 12 | E3: 9 | F3: 0 | G3: 1 | H3: 4 | I3: =sum(C3+1.2*D3+1.5*E3+2*F3+2*G3)-H3 -> 56.9
A4: G | B4: Ja Morant | C4: 23 | D4: 2 | E4: 6 | F4: 2 | G4: 1 | H4: 5 | I4: =sum(C4+1.2*D4+1.5*E4+2*F4+2*G4)-H4 -> 35.4
A5: F/C | B5: Chet Holmgren | C5: 20 | D5: 11 | E5: 0 | F5: 0 | G5: 5 | H5: 1 | I5: =sum(C5+1.2*D5+1.5*E5+2*F5+2*G5)-H5 -> 42.2
A6: F/C | B6: Isaiah Hartenstein | C6: 6 | D6: 10 | E6: 3 | F6: 0 | G6: 1 | H6: 2 | I6: =sum(C6+1.2*D6+1.5*E6+2*F6+2*G6)-H6 -> 22.5
A7: F/C | B7: Jaden McDaniels | C7: 8 | D7: 4 | E7: 1 | F7: 0 | G7: 1 | H7: 1 | I7: =sum(C7+1.2*D7+1.5*E7+2*F7+2*G7)-H7 -> 15.3
B8: Totals | C8: =SUM(C3:C7) -> 88 | D8: =SUM(D3:D7)*1.2 -> 46.8 | E8: =SUM(E3:E7)*1.5 -> 28.5 | F8: =SUM(F3:F7)*2 -> 4 | G8: =SUM(G3:G7)*2 -> 18 | H8: =SUM(H3:H7) *-1 -> -13 | I8: =SUM(C8:H8) -> 172.3
A10: Andy | I10: =I17 -> 205.1
A11: Position | B11: Player | C11: Points (1) | D11: Rebounds (1.2) | E11: Assists (1.5) | F11: Steals (2) | G11: Blocks (2) | H11: Turnovers (-1) | I11: Total
A12: G | B12: Tyrese Haliburton | C12: 21 | D12: 5 | E12: 12 | F12: 0 | G12: 0 | H12: 3 | I12: =sum(C12+1.2*D12+1.5*E12+2*F12+2*G12)-H12 -> 42
A13: G | B13: Damian Lillard | C13: 14 | D13: 3 | E13: 7 | F13: 0 | G13: 0 | H13: 2 | I13: =sum(C13+1.2*D13+1.5*E13+2*F13+2*G13)-H13 -> 26.1
A14: F/C | B14: Giannis Antetokoumpo | C14: 34 | D14: 18 | E14: 7 | F14: 0 | G14: 1 | H14: 4 | I14: =sum(C14+1.2*D14+1.5*E14+2*F14+2*G14)-H14 -> 64.1
A15: F/C | B15: Jalen Williams | C15: 24 | D15: 6 | E15: 5 | F15: 1 | G15: 0 | H15: 1 | I15: =sum(C15+1.2*D15+1.5*E15+2*F15+2*G15)-H15 -> 39.7
A16: F/C | B16: Jaren Jackson Jr. | C16: 26 | D16: 6 | E16: 0 | F16: 0 | G16: 0 | H16: 0 | I16: =sum(C16+1.2*D16+1.5*E16+2*F16+2*G16)-H16 -> 33.2
B17: Totals | C17: =SUM(C12:C16) -> 119 | D17: =SUM(D12:D16)*1.2 -> 45.6 | E17: =SUM(E12:E16)*1.5 -> 46.5 | F17: =SUM(F12:F16)*2 -> 2 | G17: =SUM(G12:G16)*2 -> 2 | H17: =SUM(H12:H16) *-1 -> -10 | I17: =SUM(C17:H17) -> 205.1
A19: Josh | I19: =I26 -> 161.1
A20: Position | B20: Player | C20: Points (1) | D20: Rebounds (1.2) | E20: Assists (1.5) | F20: Steals (2) | G20: Blocks (2) | H20: Turnovers (-1) | I20: Total
A21: G | B21: Shai Gilgeous-Alexander | C21: 27 | D21: 8 | E21: 5 | F21: 2 | G21: 0 | H21: 2 | I21: =sum(C21+1.2*D21+1.5*E21+2*F21+2*G21)-H21 -> 46.1
A22: G | B22: Austin Reaves | C22: 16 | D22: 5 | E22: 5 | F22: 0 | G22: 0 | H22: 1 | I22: =sum(C22+1.2*D22+1.5*E22+2*F22+2*G22)-H22 -> 28.5
A23: F/C | B23: Pascal Siakam | C23: 24 | D23: 11 | E23: 3 | F23: 3 | G23: 0 | H23: 2 | I23: =sum(C23+1.2*D23+1.5*E23+2*F23+2*G23)-H23 -> 45.7
A24: F/C | B24: Myles Turner | C24: 15 | D24: 2 | E24: 1 | F24: 1 | G24: 2 | H24: 0 | I24: =sum(C24+1.2*D24+1.5*E24+2*F24+2*G24)-H24 -> 24.9
A25: F/C | B25: Naz Reid | C25: 9 | D25: 2 | E25: 1 | F25: 3 | G25: 0 | H25: 3 | I25: =sum(C25+1.2*D25+1.5*E25+2*F25+2*G25)-H25 -> 15.9
B26: Totals | C26: =SUM(C21:C25) -> 91 | D26: =SUM(D21:D25)*1.2 -> 33.6 | E26: =SUM(E21:E25)*1.5 -> 22.5 | F26: =SUM(F21:F25)*2 -> 18 | G26: =SUM(G21:G25)*2 -> 4 | H26: =SUM(H21:H25) *-1 -> -8 | I26: =SUM(C26:H26) -> 161.1
A28: Mark | I28: =I35 -> 180.3
A29: Position | B29: Player | C29: Points (1) | D29: Rebounds (1.2) | E29: Assists (1.5) | F29: Steals (2) | G29: Blocks (2) | H29: Turnovers (-1) | I29: Total
A30: G | B30: Anthony Edwards | C30: 25 | D30: 6 | E30: 0 | F30: 0 | G30: 0 | H30: 2 | I30: =sum(C30+1.2*D30+1.5*E30+2*F30+2*G30)-H30 -> 30.2
A31: G | B31: Desmond Bane | C31: 19 | D31: 12 | E31: 4 | F31: 1 | G31: 1 | H31: 1 | I31: =sum(C31+1.2*D31+1.5*E31+2*F31+2*G31)-H31 -> 42.4
A32: F/C | B32: LeBron James | C32: 21 | D32: 11 | E32: 7 | F32: 1 | G32: 1 | H32: 2 | I32: =sum(C32+1.2*D32+1.5*E32+2*F32+2*G32)-H32 -> 46.7
A33: F/C | B33: Julius Randle | C33: 27 | D33: 4 | E33: 6 | F33: 1 | G33: 1 | H33: 1 | I33: =sum(C33+1.2*D33+1.5*E33+2*F33+2*G33)-H33 -> 43.8
A34: F/C | B34: Rudy Gobert | C34: 6 | D34: 6 | E34: 0 | F34: 2 | G34: 0 | H34: 0 | I34: =sum(C34+1.2*D34+1.5*E34+2*F34+2*G34)-H34 -> 17.2
B35: Totals | C35: =SUM(C30:C34) -> 98 | D35: =SUM(D30:D34)*1.2 -> 46.8 | E35: =SUM(E30:E34)*1.5 -> 25.5 | F35: =SUM(F30:F34)*2 -> 10 | G35: =SUM(G30:G34)*2 -> 6 | H35: =SUM(H30:H34) *-1 -> -6 | I35: =SUM(C35:H35) -> 180.3

Sheet 42125
A1: Jon | I1: =I8 -> 134.5
A2: Position | B2: Player | C2: Points (1) | D2: Rebounds (1.2) | E2: Assists (1.5) | F2: Steals (2) | G2: Blocks (2) | H2: Turnovers (-1) | I2: Total
A3: G | B3: Jamal Murray | C3: 23 | D3: 2 | E3: 6 | F3: 1 | G3: 1 | H3: 4 | I3: =sum(C3+1.2*D3+1.5*E3+2*F3+2*G3)-H3 -> 34.4
A4: G | B4: Malik Beasley | C4: 9 | D4: 1 | E4: 1 | F4: 0 | G4: 0 | H4: 0 | I4: =sum(C4+1.2*D4+1.5*E4+2*F4+2*G4)-H4 -> 11.7
A5: F/C | B5: Nikola Jokic | C5: 26 | D5: 12 | E5: 10 | F5: 3 | G5: 0 | H5: 7 | I5: =sum(C5+1.2*D5+1.5*E5+2*F5+2*G5)-H5 -> 54.4
A6: F/C | B6: OG Anunoby | C6: 10 | D6: 5 | E6: 2 | F6: 2 | G6: 0 | H6: 2 | I6: =sum(C6+1.2*D6+1.5*E6+2*F6+2*G6)-H6 -> 21
A7: F/C | B7: Ausar Thompson | C7: 5 | D7: 5 | E7: 0 | F7: 2 | G7: 0 | H7: 2 | I7: =sum(C7+1.2*D7+1.5*E7+2*F7+2*G7)-H7 -> 13
B8: Totals | C8: =SUM(C3:C7) -> 73 | D8: =SUM(D3:D7)*1.2 -> 30 | E8: =SUM(E3:E7)*1.5 -> 28.5 | F8: =SUM(F3:F7)*2 -> 16 | G8: =SUM(G3:G7)*2 -> 2 | H8: =SUM(H3:H7) *-1 -> -15 | I8: =SUM(C8:H8) -> 134.5
A10: Mark | I10: =I17 -> 160.9
A11: Position | B11: Player | C11: Points (1) | D11: Rebounds (1.2) | E11: Assists (1.5) | F11: Steals (2) | G11: Blocks (2) | H11: Turnovers (-1) | I11: Total
A12: G | B12: James Harden | C12: 18 | D12: 3 | E12: 7 | F12: 1 | G12: 2 | H12: 4 | I12: =sum(C12+1.2*D12+1.5*E12+2*F12+2*G12)-H12 -> 34.1
A13: G | B13: Mikal Bridges | C13: 19 | D13: 5 | E13: 0 | F13: 3 | G13: 0 | H13: 1 | I13: =sum(C13+1.2*D13+1.5*E13+2*F13+2*G13)-H13 -> 30
A14: F/C | B14: Ivica Zubac | C14: 16 | D14: 12 | E14: 4 | F14: 1 | G14: 0 | H14: 2 | I14: =sum(C14+1.2*D14+1.5*E14+2*F14+2*G14)-H14 -> 36.4
A15: F/C | B15: Josh Hart | C15: 10 | D15: 7 | E15: 5 | F15: 1 | G15: 0 | H15: 1 | I15: =sum(C15+1.2*D15+1.5*E15+2*F15+2*G15)-H15 -> 26.9
A16: F/C | B16: Michael Porter Jr. | C16: 15 | D16: 15 | E16: 1 | F16: 1 | G16: 0 | H16: 3 | I16: =sum(C16+1.2*D16+1.5*E16+2*F16+2*G16)-H16 -> 33.5
B17: Totals | C17: =SUM(C12:C16) -> 78 | D17: =SUM(D12:D16)*1.2 -> 50.4 | E17: =SUM(E12:E16)*1.5 -> 25.5 | F17: =SUM(F12:F16)*2 -> 14 | G17: =SUM(G12:G16)*2 -> 4 | H17: =SUM(H12:H16) *-1 -> -11 | I17: =SUM(C17:H17) -> 160.9
A19: Josh | I19: =I26 -> 153.6
A20: Position | B20: Player | C20: Points (1) | D20: Rebounds (1.2) | E20: Assists (1.5) | F20: Steals (2) | G20: Blocks (2) | H20: Turnovers (-1) | I20: Total
A21: G | B21: Jalen Brunson | C21: 37 | D21: 3 | E21: 7 | F21: 2 | G21: 0 | H21: 6 | I21: =sum(C21+1.2*D21+1.5*E21+2*F21+2*G21)-H21 -> 49.1
A22: G | B22: Russell Westbrook | C22: 14 | D22: 4 | E22: 1 | F22: 1 | G22: 0 | H22: 2 | I22: =sum(C22+1.2*D22+1.5*E22+2*F22+2*G22)-H22 -> 20.3
A23: F/C | B23: Kawhi Leonard | C23: 39 | D23: 3 | E23: 5 | F23: 2 | G23: 1 | H23: 1 | I23: =sum(C23+1.2*D23+1.5*E23+2*F23+2*G23)-H23 -> 55.1
A24: F/C | B24: Aaron Gordon | C24: 14 | D24: 6 | E24: 1 | F24: 0 | G24: 0 | H24: 1 | I24: =sum(C24+1.2*D24+1.5*E24+2*F24+2*G24)-H24 -> 21.7
A25: F/C | B25: Derrik Jones Jr. | C25: 6 | D25: 2 | E25: 0 | F25: 0 | G25: 0 | H25: 1 | I25: =sum(C25+1.2*D25+1.5*E25+2*F25+2*G25)-H25 -> 7.4
B26: Totals | C26: =SUM(C21:C25) -> 110 | D26: =SUM(D21:D25)*1.2 -> 21.6 | E26: =SUM(E21:E25)*1.5 -> 21 | F26: =SUM(F21:F25)*2 -> 10 | G26: =SUM(G21:G25)*2 -> 2 | H26: =SUM(H21:H25) *-1 -> -11 | I26: =SUM(C26:H26) -> 153.6
A28: Andy | I28: =I35 -> 141.5
A29: Position | B29: Player | C29: Points (1) | D29: Rebounds (1.2) | E29: Assists (1.5) | F29: Steals (2) | G29: Blocks (2) | H29: Turnovers (-1) | I29: Total
A30: G | B30: Cade Cunningham | C30: 33 | D30: 12 | E30: 3 | F30: 2 | G30: 0 | H30: 5 | I30: =sum(C30+1.2*D30+1.5*E30+2*F30+2*G30)-H30 -> 50.9
A31: G | B31: Tim Hardaway Jr | C31: 0 | D31: 1 | E31: 1 | F31: 0 | G31: 0 | H31: 1 | I31: =sum(C31+1.2*D31+1.5*E31+2*F31+2*G31)-H31 -> 1.7
A32: F/C | B32: Karl-Anthony Towns | C32: 10 | D32: 6 | E32: 0 | F32: 0 | G32: 1 | H32: 0 | I32: =sum(C32+1.2*D32+1.5*E32+2*F32+2*G32)-H32 -> 19.2
A33: F/C | B33: Tobias Harris | C33: 15 | D33: 13 | E33: 1 | F33: 1 | G33: 0 | H33: 1 | I33: =sum(C33+1.2*D33+1.5*E33+2*F33+2*G33)-H33 -> 33.1
A34: F/C | B34: Jalen Duren | C34: 12 | D34: 13 | E34: 2 | F34: 1 | G34: 3 | H34: 2 | I34: =sum(C34+1.2*D34+1.5*E34+2*F34+2*G34)-H34 -> 36.6
B35: Totals | C35: =SUM(C30:C34) -> 70 | D35: =SUM(D30:D34)*1.2 -> 54 | E35: =SUM(E30:E34)*1.5 -> 10.5 | F35: =SUM(F30:F34)*2 -> 8 | G35: =SUM(G30:G34)*2 -> 8 | H35: =SUM(H30:H34) *-1 -> -9 | I35: =SUM(C35:H35) -> 141.5

Sheet 42025
A1: Mark | I1: =I8 -> 165
A2: Position | B2: Player | C2: Points (1) | D2: Rebounds (1.2) | E2: Assists (1.5) | F2: Steals (2) | G2: Blocks (2) | H2: Turnovers (-1) | I2: Total
A3: G | B3: Shai Gilgeous-Alexander | C3: 15 | D3: 3 | E3: 5 | F3: 0 | G3: 2 | H3: 2 | I3: =sum(C3+1.2*D3+1.5*E3+2*F3+2*G3)-H3 -> 28.1
A4: G | B4: Tyler Herro | C4: 21 | D4: 3 | E4: 2 | F4: 1 | G4: 0 | H4: 3 | I4: =sum(C4+1.2*D4+1.5*E4+2*F4+2*G4)-H4 -> 26.6
A5: F/C | B5: Jimmy Butler | C5: 25 | D5: 7 | E5: 6 | F5: 5 | G5: 0 | H5: 1 | I5: =sum(C5+1.2*D5+1.5*E5+2*F5+2*G5)-H5 -> 51.4
A6: F/C | B6: Jalen Williams | C6: 20 | D6: 5 | E6: 6 | F6: 3 | G6: 1 | H6: 2 | I6: =sum(C6+1.2*D6+1.5*E6+2*F6+2*G6)-H6 -> 41
A7: F/C | B7: Evan Mobley | C7: 9 | D7: 7 | E7: 1 | F7: 0 | G7: 0 | H7: 1 | I7: =sum(C7+1.2*D7+1.5*E7+2*F7+2*G7)-H7 -> 17.9
B8: Totals | C8: =SUM(C3:C7) -> 90 | D8: =SUM(D3:D7)*1.2 -> 30 | E8: =SUM(E3:E7)*1.5 -> 30 | F8: =SUM(F3:F7)*2 -> 18 | G8: =SUM(G3:G7)*2 -> 6 | H8: =SUM(H3:H7) *-1 -> -9 | I8: =SUM(C8:H8) -> 165
A10: Jon | I10: =I17 -> 164.4
